ISO-10303-21;
HEADER;
FILE_DESCRIPTION(('FreeCAD Model'),'2;1');
FILE_NAME('press-lift.step','2026-09-20T00:00:00',(''),(''),'FreeCAD','Open CASCADE','');
FILE_SCHEMA(('AUTOMOTIVE_DESIGN { 1 0 10303 214 1 1 1 1 }'));
ENDSEC;
DATA;
#1 = APPLICATION_PROTOCOL_DEFINITION('international standard',
  'automotive_design',2000,#2);
#2 = APPLICATION_CONTEXT(
  'core data for automotive mechanical design processes');
#3 = SHAPE_DEFINITION_REPRESENTATION(#4,#10);
#4 = PRODUCT_DEFINITION_SHAPE('','',#5);
#5 = PRODUCT_DEFINITION('design','',#6,#9);
#6 = PRODUCT_DEFINITION_FORMATION('','',#7);
#7 = PRODUCT('Open CASCADE STEP translator 7.8 3',
  'Open CASCADE STEP translator 7.8 3','',(#8));
#8 = PRODUCT_CONTEXT('',#2,'mechanical');
#9 = PRODUCT_DEFINITION_CONTEXT('part definition',#2,'design');
#10 = ADVANCED_BREP_SHAPE_REPRESENTATION('',(#11,#15),#3409);
#11 = AXIS2_PLACEMENT_3D('',#12,#13,#14);
#12 = CARTESIAN_POINT('',(0.,0.,0.));
#13 = DIRECTION('',(0.,0.,1.));
#14 = DIRECTION('',(1.,0.,-0.));
#15 = MANIFOLD_SOLID_BREP('',#16);
#16 = CLOSED_SHELL('',(#17,#59,#130,#154,#218,#235,#318,#335,#352,#369,
    #434,#451,#475,#533,#558,#582,#600,#631,#655,#679,#696,#727,#756,
    #780,#810,#828,#852,#875,#893,#905,#917,#946,#975,#999,#1022,#1040,
    #1064,#1087,#1105,#1134,#1163,#1187,#1210,#1228,#1252,#1275,#1293,
    #1324,#1387,#1412,#1436,#1454,#1479,#1535,#1553,#1582,#1611,#1669,
    #1698,#1756,#1785,#1809,#1832,#1850,#1874,#1903,#1932,#1955,#1973,
    #2002,#2031,#2055,#2078,#2096,#2120,#2143,#2161,#2190,#2214,#2237,
    #2255,#2279,#2302,#2320,#2349,#2373,#2396,#2414,#2438,#2467,#2496,
    #2519,#2537,#2566,#2595,#2619,#2642,#2660,#2684,#2707,#2725,#2754,
    #2778,#2801,#2819,#2843,#2866,#2884,#2913,#2937,#2960,#2978,#3002,
    #3031,#3060,#3083,#3101,#3138,#3175,#3191,#3207,#3219,#3243,#3266,
    #3284,#3321,#3337,#3353,#3365,#3381,#3397));
#17 = ADVANCED_FACE('',(#18),#54,.T.);
#18 = FACE_BOUND('',#19,.F.);
#19 = EDGE_LOOP('',(#20,#31,#39,#48));
#20 = ORIENTED_EDGE('',*,*,#21,.F.);
#21 = EDGE_CURVE('',#22,#24,#26,.T.);
#22 = VERTEX_POINT('',#23);
#23 = CARTESIAN_POINT('',(5.25,48.,18.));
#24 = VERTEX_POINT('',#25);
#25 = CARTESIAN_POINT('',(5.25,44.,18.));
#26 = CIRCLE('',#27,2.);
#27 = AXIS2_PLACEMENT_3D('',#28,#29,#30);
#28 = CARTESIAN_POINT('',(5.25,46.,18.));
#29 = DIRECTION('',(1.,0.,-2.22044604925E-16));
#30 = DIRECTION('',(-2.22044604925E-16,0.,-1.));
#31 = ORIENTED_EDGE('',*,*,#32,.T.);
#32 = EDGE_CURVE('',#22,#33,#35,.T.);
#33 = VERTEX_POINT('',#34);
#34 = CARTESIAN_POINT('',(36.25,48.,18.));
#35 = LINE('',#36,#37);
#36 = CARTESIAN_POINT('',(5.25,48.,18.));
#37 = VECTOR('',#38,1.);
#38 = DIRECTION('',(1.,0.,0.));
#39 = ORIENTED_EDGE('',*,*,#40,.T.);
#40 = EDGE_CURVE('',#33,#41,#43,.T.);
#41 = VERTEX_POINT('',#42);
#42 = CARTESIAN_POINT('',(36.25,44.,18.));
#43 = CIRCLE('',#44,2.);
#44 = AXIS2_PLACEMENT_3D('',#45,#46,#47);
#45 = CARTESIAN_POINT('',(36.25,46.,18.));
#46 = DIRECTION('',(1.,0.,-2.22044604925E-16));
#47 = DIRECTION('',(-2.22044604925E-16,0.,-1.));
#48 = ORIENTED_EDGE('',*,*,#49,.F.);
#49 = EDGE_CURVE('',#24,#41,#50,.T.);
#50 = LINE('',#51,#52);
#51 = CARTESIAN_POINT('',(5.25,44.,18.));
#52 = VECTOR('',#53,1.);
#53 = DIRECTION('',(1.,0.,0.));
#54 = CYLINDRICAL_SURFACE('',#55,2.);
#55 = AXIS2_PLACEMENT_3D('',#56,#57,#58);
#56 = CARTESIAN_POINT('',(5.25,46.,18.));
#57 = DIRECTION('',(-1.,-0.,2.22044604925E-16));
#58 = DIRECTION('',(-2.22044604925E-16,0.,-1.));
#59 = ADVANCED_FACE('',(#60),#125,.T.);
#60 = FACE_BOUND('',#61,.T.);
#61 = EDGE_LOOP('',(#62,#72,#80,#88,#96,#104,#112,#118,#119));
#62 = ORIENTED_EDGE('',*,*,#63,.F.);
#63 = EDGE_CURVE('',#64,#66,#68,.T.);
#64 = VERTEX_POINT('',#65);
#65 = CARTESIAN_POINT('',(5.25,101.5,8.));
#66 = VERTEX_POINT('',#67);
#67 = CARTESIAN_POINT('',(5.25,48.,8.));
#68 = LINE('',#69,#70);
#69 = CARTESIAN_POINT('',(5.25,101.5,8.));
#70 = VECTOR('',#71,1.);
#71 = DIRECTION('',(0.,-1.,0.));
#72 = ORIENTED_EDGE('',*,*,#73,.T.);
#73 = EDGE_CURVE('',#64,#74,#76,.T.);
#74 = VERTEX_POINT('',#75);
#75 = CARTESIAN_POINT('',(5.25,101.5,42.));
#76 = LINE('',#77,#78);
#77 = CARTESIAN_POINT('',(5.25,101.5,8.));
#78 = VECTOR('',#79,1.);
#79 = DIRECTION('',(0.,0.,1.));
#80 = ORIENTED_EDGE('',*,*,#81,.T.);
#81 = EDGE_CURVE('',#74,#82,#84,.T.);
#82 = VERTEX_POINT('',#83);
#83 = CARTESIAN_POINT('',(5.25,2.6,42.));
#84 = LINE('',#85,#86);
#85 = CARTESIAN_POINT('',(5.25,101.5,42.));
#86 = VECTOR('',#87,1.);
#87 = DIRECTION('',(0.,-1.,0.));
#88 = ORIENTED_EDGE('',*,*,#89,.T.);
#89 = EDGE_CURVE('',#82,#90,#92,.T.);
#90 = VERTEX_POINT('',#91);
#91 = CARTESIAN_POINT('',(5.25,1.5,42.));
#92 = LINE('',#93,#94);
#93 = CARTESIAN_POINT('',(5.25,101.5,42.));
#94 = VECTOR('',#95,1.);
#95 = DIRECTION('',(0.,-1.,0.));
#96 = ORIENTED_EDGE('',*,*,#97,.F.);
#97 = EDGE_CURVE('',#98,#90,#100,.T.);
#98 = VERTEX_POINT('',#99);
#99 = CARTESIAN_POINT('',(5.25,1.5,8.));
#100 = LINE('',#101,#102);
#101 = CARTESIAN_POINT('',(5.25,1.5,8.));
#102 = VECTOR('',#103,1.);
#103 = DIRECTION('',(0.,0.,1.));
#104 = ORIENTED_EDGE('',*,*,#105,.F.);
#105 = EDGE_CURVE('',#106,#98,#108,.T.);
#106 = VERTEX_POINT('',#107);
#107 = CARTESIAN_POINT('',(5.25,44.,8.));
#108 = LINE('',#109,#110);
#109 = CARTESIAN_POINT('',(5.25,101.5,8.));
#110 = VECTOR('',#111,1.);
#111 = DIRECTION('',(0.,-1.,0.));
#112 = ORIENTED_EDGE('',*,*,#113,.T.);
#113 = EDGE_CURVE('',#106,#24,#114,.T.);
#114 = LINE('',#115,#116);
#115 = CARTESIAN_POINT('',(5.25,44.,8.));
#116 = VECTOR('',#117,1.);
#117 = DIRECTION('',(0.,0.,1.));
#118 = ORIENTED_EDGE('',*,*,#21,.F.);
#119 = ORIENTED_EDGE('',*,*,#120,.F.);
#120 = EDGE_CURVE('',#66,#22,#121,.T.);
#121 = LINE('',#122,#123);
#122 = CARTESIAN_POINT('',(5.25,48.,8.));
#123 = VECTOR('',#124,1.);
#124 = DIRECTION('',(0.,0.,1.));
#125 = PLANE('',#126);
#126 = AXIS2_PLACEMENT_3D('',#127,#128,#129);
#127 = CARTESIAN_POINT('',(5.25,101.5,8.));
#128 = DIRECTION('',(1.,0.,0.));
#129 = DIRECTION('',(0.,-1.,0.));
#130 = ADVANCED_FACE('',(#131),#149,.F.);
#131 = FACE_BOUND('',#132,.F.);
#132 = EDGE_LOOP('',(#133,#141,#142,#143));
#133 = ORIENTED_EDGE('',*,*,#134,.F.);
#134 = EDGE_CURVE('',#106,#135,#137,.T.);
#135 = VERTEX_POINT('',#136);
#136 = CARTESIAN_POINT('',(36.25,44.,8.));
#137 = LINE('',#138,#139);
#138 = CARTESIAN_POINT('',(5.25,44.,8.));
#139 = VECTOR('',#140,1.);
#140 = DIRECTION('',(1.,0.,0.));
#141 = ORIENTED_EDGE('',*,*,#113,.T.);
#142 = ORIENTED_EDGE('',*,*,#49,.T.);
#143 = ORIENTED_EDGE('',*,*,#144,.F.);
#144 = EDGE_CURVE('',#135,#41,#145,.T.);
#145 = LINE('',#146,#147);
#146 = CARTESIAN_POINT('',(36.25,44.,8.));
#147 = VECTOR('',#148,1.);
#148 = DIRECTION('',(0.,0.,1.));
#149 = PLANE('',#150);
#150 = AXIS2_PLACEMENT_3D('',#151,#152,#153);
#151 = CARTESIAN_POINT('',(5.25,44.,8.));
#152 = DIRECTION('',(0.,1.,0.));
#153 = DIRECTION('',(0.,0.,1.));
#154 = ADVANCED_FACE('',(#155),#213,.T.);
#155 = FACE_BOUND('',#156,.T.);
#156 = EDGE_LOOP('',(#157,#165,#173,#181,#189,#197,#205,#211,#212));
#157 = ORIENTED_EDGE('',*,*,#158,.F.);
#158 = EDGE_CURVE('',#159,#135,#161,.T.);
#159 = VERTEX_POINT('',#160);
#160 = CARTESIAN_POINT('',(36.25,1.5,8.));
#161 = LINE('',#162,#163);
#162 = CARTESIAN_POINT('',(36.25,1.5,8.));
#163 = VECTOR('',#164,1.);
#164 = DIRECTION('',(0.,1.,0.));
#165 = ORIENTED_EDGE('',*,*,#166,.T.);
#166 = EDGE_CURVE('',#159,#167,#169,.T.);
#167 = VERTEX_POINT('',#168);
#168 = CARTESIAN_POINT('',(36.25,1.5,42.));
#169 = LINE('',#170,#171);
#170 = CARTESIAN_POINT('',(36.25,1.5,8.));
#171 = VECTOR('',#172,1.);
#172 = DIRECTION('',(0.,0.,1.));
#173 = ORIENTED_EDGE('',*,*,#174,.T.);
#174 = EDGE_CURVE('',#167,#175,#177,.T.);
#175 = VERTEX_POINT('',#176);
#176 = CARTESIAN_POINT('',(36.25,2.6,42.));
#177 = LINE('',#178,#179);
#178 = CARTESIAN_POINT('',(36.25,1.5,42.));
#179 = VECTOR('',#180,1.);
#180 = DIRECTION('',(0.,1.,0.));
#181 = ORIENTED_EDGE('',*,*,#182,.T.);
#182 = EDGE_CURVE('',#175,#183,#185,.T.);
#183 = VERTEX_POINT('',#184);
#184 = CARTESIAN_POINT('',(36.25,101.5,42.));
#185 = LINE('',#186,#187);
#186 = CARTESIAN_POINT('',(36.25,1.5,42.));
#187 = VECTOR('',#188,1.);
#188 = DIRECTION('',(0.,1.,0.));
#189 = ORIENTED_EDGE('',*,*,#190,.F.);
#190 = EDGE_CURVE('',#191,#183,#193,.T.);
#191 = VERTEX_POINT('',#192);
#192 = CARTESIAN_POINT('',(36.25,101.5,8.));
#193 = LINE('',#194,#195);
#194 = CARTESIAN_POINT('',(36.25,101.5,8.));
#195 = VECTOR('',#196,1.);
#196 = DIRECTION('',(0.,0.,1.));
#197 = ORIENTED_EDGE('',*,*,#198,.F.);
#198 = EDGE_CURVE('',#199,#191,#201,.T.);
#199 = VERTEX_POINT('',#200);
#200 = CARTESIAN_POINT('',(36.25,48.,8.));
#201 = LINE('',#202,#203);
#202 = CARTESIAN_POINT('',(36.25,1.5,8.));
#203 = VECTOR('',#204,1.);
#204 = DIRECTION('',(0.,1.,0.));
#205 = ORIENTED_EDGE('',*,*,#206,.T.);
#206 = EDGE_CURVE('',#199,#33,#207,.T.);
#207 = LINE('',#208,#209);
#208 = CARTESIAN_POINT('',(36.25,48.,8.));
#209 = VECTOR('',#210,1.);
#210 = DIRECTION('',(0.,0.,1.));
#211 = ORIENTED_EDGE('',*,*,#40,.T.);
#212 = ORIENTED_EDGE('',*,*,#144,.F.);
#213 = PLANE('',#214);
#214 = AXIS2_PLACEMENT_3D('',#215,#216,#217);
#215 = CARTESIAN_POINT('',(36.25,1.5,8.));
#216 = DIRECTION('',(-1.,0.,0.));
#217 = DIRECTION('',(0.,1.,0.));
#218 = ADVANCED_FACE('',(#219),#230,.T.);
#219 = FACE_BOUND('',#220,.T.);
#220 = EDGE_LOOP('',(#221,#227,#228,#229));
#221 = ORIENTED_EDGE('',*,*,#222,.F.);
#222 = EDGE_CURVE('',#66,#199,#223,.T.);
#223 = LINE('',#224,#225);
#224 = CARTESIAN_POINT('',(5.25,48.,8.));
#225 = VECTOR('',#226,1.);
#226 = DIRECTION('',(1.,0.,0.));
#227 = ORIENTED_EDGE('',*,*,#120,.T.);
#228 = ORIENTED_EDGE('',*,*,#32,.T.);
#229 = ORIENTED_EDGE('',*,*,#206,.F.);
#230 = PLANE('',#231);
#231 = AXIS2_PLACEMENT_3D('',#232,#233,#234);
#232 = CARTESIAN_POINT('',(5.25,48.,8.));
#233 = DIRECTION('',(0.,1.,0.));
#234 = DIRECTION('',(0.,0.,1.));
#235 = ADVANCED_FACE('',(#236,#279),#313,.T.);
#236 = FACE_BOUND('',#237,.T.);
#237 = EDGE_LOOP('',(#238,#239,#240,#241,#249,#257,#265,#273));
#238 = ORIENTED_EDGE('',*,*,#63,.T.);
#239 = ORIENTED_EDGE('',*,*,#222,.T.);
#240 = ORIENTED_EDGE('',*,*,#198,.T.);
#241 = ORIENTED_EDGE('',*,*,#242,.T.);
#242 = EDGE_CURVE('',#191,#243,#245,.T.);
#243 = VERTEX_POINT('',#244);
#244 = CARTESIAN_POINT('',(31.25,105.5,8.));
#245 = LINE('',#246,#247);
#246 = CARTESIAN_POINT('',(36.25,101.5,8.));
#247 = VECTOR('',#248,1.);
#248 = DIRECTION('',(-0.780868809443,0.624695047554,0.));
#249 = ORIENTED_EDGE('',*,*,#250,.T.);
#250 = EDGE_CURVE('',#243,#251,#253,.T.);
#251 = VERTEX_POINT('',#252);
#252 = CARTESIAN_POINT('',(31.25,123.25,8.));
#253 = LINE('',#254,#255);
#254 = CARTESIAN_POINT('',(31.25,105.5,8.));
#255 = VECTOR('',#256,1.);
#256 = DIRECTION('',(0.,1.,0.));
#257 = ORIENTED_EDGE('',*,*,#258,.T.);
#258 = EDGE_CURVE('',#251,#259,#261,.T.);
#259 = VERTEX_POINT('',#260);
#260 = CARTESIAN_POINT('',(10.25,123.25,8.));
#261 = LINE('',#262,#263);
#262 = CARTESIAN_POINT('',(31.25,123.25,8.));
#263 = VECTOR('',#264,1.);
#264 = DIRECTION('',(-1.,0.,0.));
#265 = ORIENTED_EDGE('',*,*,#266,.T.);
#266 = EDGE_CURVE('',#259,#267,#269,.T.);
#267 = VERTEX_POINT('',#268);
#268 = CARTESIAN_POINT('',(10.25,105.5,8.));
#269 = LINE('',#270,#271);
#270 = CARTESIAN_POINT('',(10.25,123.25,8.));
#271 = VECTOR('',#272,1.);
#272 = DIRECTION('',(0.,-1.,0.));
#273 = ORIENTED_EDGE('',*,*,#274,.T.);
#274 = EDGE_CURVE('',#267,#64,#275,.T.);
#275 = LINE('',#276,#277);
#276 = CARTESIAN_POINT('',(10.25,105.5,8.));
#277 = VECTOR('',#278,1.);
#278 = DIRECTION('',(-0.780868809443,-0.624695047554,0.));
#279 = FACE_BOUND('',#280,.T.);
#280 = EDGE_LOOP('',(#281,#291,#299,#307));
#281 = ORIENTED_EDGE('',*,*,#282,.F.);
#282 = EDGE_CURVE('',#283,#285,#287,.T.);
#283 = VERTEX_POINT('',#284);
#284 = CARTESIAN_POINT('',(14.25,111.,8.));
#285 = VERTEX_POINT('',#286);
#286 = CARTESIAN_POINT('',(27.25,111.,8.));
#287 = LINE('',#288,#289);
#288 = CARTESIAN_POINT('',(14.25,111.,8.));
#289 = VECTOR('',#290,1.);
#290 = DIRECTION('',(1.,0.,0.));
#291 = ORIENTED_EDGE('',*,*,#292,.T.);
#292 = EDGE_CURVE('',#283,#293,#295,.T.);
#293 = VERTEX_POINT('',#294);
#294 = CARTESIAN_POINT('',(14.25,119.,8.));
#295 = LINE('',#296,#297);
#296 = CARTESIAN_POINT('',(14.25,111.,8.));
#297 = VECTOR('',#298,1.);
#298 = DIRECTION('',(0.,1.,0.));
#299 = ORIENTED_EDGE('',*,*,#300,.T.);
#300 = EDGE_CURVE('',#293,#301,#303,.T.);
#301 = VERTEX_POINT('',#302);
#302 = CARTESIAN_POINT('',(27.25,119.,8.));
#303 = LINE('',#304,#305);
#304 = CARTESIAN_POINT('',(14.25,119.,8.));
#305 = VECTOR('',#306,1.);
#306 = DIRECTION('',(1.,0.,0.));
#307 = ORIENTED_EDGE('',*,*,#308,.F.);
#308 = EDGE_CURVE('',#285,#301,#309,.T.);
#309 = LINE('',#310,#311);
#310 = CARTESIAN_POINT('',(27.25,111.,8.));
#311 = VECTOR('',#312,1.);
#312 = DIRECTION('',(0.,1.,0.));
#313 = PLANE('',#314);
#314 = AXIS2_PLACEMENT_3D('',#315,#316,#317);
#315 = CARTESIAN_POINT('',(20.75,61.006087319831,8.));
#316 = DIRECTION('',(0.,0.,1.));
#317 = DIRECTION('',(1.,0.,0.));
#318 = ADVANCED_FACE('',(#319),#330,.T.);
#319 = FACE_BOUND('',#320,.T.);
#320 = EDGE_LOOP('',(#321,#322,#328,#329));
#321 = ORIENTED_EDGE('',*,*,#105,.T.);
#322 = ORIENTED_EDGE('',*,*,#323,.T.);
#323 = EDGE_CURVE('',#98,#159,#324,.T.);
#324 = LINE('',#325,#326);
#325 = CARTESIAN_POINT('',(5.25,1.5,8.));
#326 = VECTOR('',#327,1.);
#327 = DIRECTION('',(1.,0.,0.));
#328 = ORIENTED_EDGE('',*,*,#158,.T.);
#329 = ORIENTED_EDGE('',*,*,#134,.F.);
#330 = PLANE('',#331);
#331 = AXIS2_PLACEMENT_3D('',#332,#333,#334);
#332 = CARTESIAN_POINT('',(20.75,61.006087319831,8.));
#333 = DIRECTION('',(0.,0.,1.));
#334 = DIRECTION('',(1.,0.,0.));
#335 = ADVANCED_FACE('',(#336),#347,.T.);
#336 = FACE_BOUND('',#337,.T.);
#337 = EDGE_LOOP('',(#338,#339,#345,#346));
#338 = ORIENTED_EDGE('',*,*,#97,.T.);
#339 = ORIENTED_EDGE('',*,*,#340,.T.);
#340 = EDGE_CURVE('',#90,#167,#341,.T.);
#341 = LINE('',#342,#343);
#342 = CARTESIAN_POINT('',(5.25,1.5,42.));
#343 = VECTOR('',#344,1.);
#344 = DIRECTION('',(1.,0.,0.));
#345 = ORIENTED_EDGE('',*,*,#166,.F.);
#346 = ORIENTED_EDGE('',*,*,#323,.F.);
#347 = PLANE('',#348);
#348 = AXIS2_PLACEMENT_3D('',#349,#350,#351);
#349 = CARTESIAN_POINT('',(5.25,1.5,8.));
#350 = DIRECTION('',(0.,1.,0.));
#351 = DIRECTION('',(1.,0.,0.));
#352 = ADVANCED_FACE('',(#353),#364,.F.);
#353 = FACE_BOUND('',#354,.F.);
#354 = EDGE_LOOP('',(#355,#356,#357,#358));
#355 = ORIENTED_EDGE('',*,*,#89,.T.);
#356 = ORIENTED_EDGE('',*,*,#340,.T.);
#357 = ORIENTED_EDGE('',*,*,#174,.T.);
#358 = ORIENTED_EDGE('',*,*,#359,.F.);
#359 = EDGE_CURVE('',#82,#175,#360,.T.);
#360 = LINE('',#361,#362);
#361 = CARTESIAN_POINT('',(3.75,2.6,42.));
#362 = VECTOR('',#363,1.);
#363 = DIRECTION('',(1.,0.,0.));
#364 = PLANE('',#365);
#365 = AXIS2_PLACEMENT_3D('',#366,#367,#368);
#366 = CARTESIAN_POINT('',(20.75,61.006087319831,42.));
#367 = DIRECTION('',(0.,0.,1.));
#368 = DIRECTION('',(1.,0.,0.));
#369 = ADVANCED_FACE('',(#370),#429,.T.);
#370 = FACE_BOUND('',#371,.T.);
#371 = EDGE_LOOP('',(#372,#382,#391,#397,#398,#406,#414,#422));
#372 = ORIENTED_EDGE('',*,*,#373,.T.);
#373 = EDGE_CURVE('',#374,#376,#378,.T.);
#374 = VERTEX_POINT('',#375);
#375 = CARTESIAN_POINT('',(2.6,121.75,42.));
#376 = VERTEX_POINT('',#377);
#377 = CARTESIAN_POINT('',(2.6,3.75,42.));
#378 = LINE('',#379,#380);
#379 = CARTESIAN_POINT('',(2.6,121.75,42.));
#380 = VECTOR('',#381,1.);
#381 = DIRECTION('',(0.,-1.,0.));
#382 = ORIENTED_EDGE('',*,*,#383,.T.);
#383 = EDGE_CURVE('',#376,#384,#386,.T.);
#384 = VERTEX_POINT('',#385);
#385 = CARTESIAN_POINT('',(3.75,2.6,42.));
#386 = CIRCLE('',#387,1.15);
#387 = AXIS2_PLACEMENT_3D('',#388,#389,#390);
#388 = CARTESIAN_POINT('',(3.75,3.75,42.));
#389 = DIRECTION('',(0.,0.,1.));
#390 = DIRECTION('',(-1.,-1.158493590913E-15,0.));
#391 = ORIENTED_EDGE('',*,*,#392,.T.);
#392 = EDGE_CURVE('',#384,#82,#393,.T.);
#393 = LINE('',#394,#395);
#394 = CARTESIAN_POINT('',(3.75,2.6,42.));
#395 = VECTOR('',#396,1.);
#396 = DIRECTION('',(1.,0.,0.));
#397 = ORIENTED_EDGE('',*,*,#81,.F.);
#398 = ORIENTED_EDGE('',*,*,#399,.F.);
#399 = EDGE_CURVE('',#400,#74,#402,.T.);
#400 = VERTEX_POINT('',#401);
#401 = CARTESIAN_POINT('',(10.25,105.5,42.));
#402 = LINE('',#403,#404);
#403 = CARTESIAN_POINT('',(10.25,105.5,42.));
#404 = VECTOR('',#405,1.);
#405 = DIRECTION('',(-0.780868809443,-0.624695047554,0.));
#406 = ORIENTED_EDGE('',*,*,#407,.F.);
#407 = EDGE_CURVE('',#408,#400,#410,.T.);
#408 = VERTEX_POINT('',#409);
#409 = CARTESIAN_POINT('',(10.25,122.9,42.));
#410 = LINE('',#411,#412);
#411 = CARTESIAN_POINT('',(10.25,123.25,42.));
#412 = VECTOR('',#413,1.);
#413 = DIRECTION('',(0.,-1.,0.));
#414 = ORIENTED_EDGE('',*,*,#415,.T.);
#415 = EDGE_CURVE('',#408,#416,#418,.T.);
#416 = VERTEX_POINT('',#417);
#417 = CARTESIAN_POINT('',(3.75,122.9,42.));
#418 = LINE('',#419,#420);
#419 = CARTESIAN_POINT('',(37.75,122.9,42.));
#420 = VECTOR('',#421,1.);
#421 = DIRECTION('',(-1.,0.,0.));
#422 = ORIENTED_EDGE('',*,*,#423,.T.);
#423 = EDGE_CURVE('',#416,#374,#424,.T.);
#424 = CIRCLE('',#425,1.15);
#425 = AXIS2_PLACEMENT_3D('',#426,#427,#428);
#426 = CARTESIAN_POINT('',(3.75,121.75,42.));
#427 = DIRECTION('',(0.,0.,1.));
#428 = DIRECTION('',(-9.65411325761E-15,1.,0.));
#429 = PLANE('',#430);
#430 = AXIS2_PLACEMENT_3D('',#431,#432,#433);
#431 = CARTESIAN_POINT('',(20.75,62.75,42.));
#432 = DIRECTION('',(0.,0.,1.));
#433 = DIRECTION('',(1.,0.,0.));
#434 = ADVANCED_FACE('',(#435),#446,.T.);
#435 = FACE_BOUND('',#436,.T.);
#436 = EDGE_LOOP('',(#437,#443,#444,#445));
#437 = ORIENTED_EDGE('',*,*,#438,.T.);
#438 = EDGE_CURVE('',#267,#400,#439,.T.);
#439 = LINE('',#440,#441);
#440 = CARTESIAN_POINT('',(10.25,105.5,8.));
#441 = VECTOR('',#442,1.);
#442 = DIRECTION('',(0.,0.,1.));
#443 = ORIENTED_EDGE('',*,*,#399,.T.);
#444 = ORIENTED_EDGE('',*,*,#73,.F.);
#445 = ORIENTED_EDGE('',*,*,#274,.F.);
#446 = PLANE('',#447);
#447 = AXIS2_PLACEMENT_3D('',#448,#449,#450);
#448 = CARTESIAN_POINT('',(10.25,105.5,8.));
#449 = DIRECTION('',(0.624695047554,-0.780868809443,0.));
#450 = DIRECTION('',(-0.780868809443,-0.624695047554,0.));
#451 = ADVANCED_FACE('',(#452),#470,.T.);
#452 = FACE_BOUND('',#453,.T.);
#453 = EDGE_LOOP('',(#454,#455,#463,#469));
#454 = ORIENTED_EDGE('',*,*,#190,.T.);
#455 = ORIENTED_EDGE('',*,*,#456,.T.);
#456 = EDGE_CURVE('',#183,#457,#459,.T.);
#457 = VERTEX_POINT('',#458);
#458 = CARTESIAN_POINT('',(31.25,105.5,42.));
#459 = LINE('',#460,#461);
#460 = CARTESIAN_POINT('',(36.25,101.5,42.));
#461 = VECTOR('',#462,1.);
#462 = DIRECTION('',(-0.780868809443,0.624695047554,0.));
#463 = ORIENTED_EDGE('',*,*,#464,.F.);
#464 = EDGE_CURVE('',#243,#457,#465,.T.);
#465 = LINE('',#466,#467);
#466 = CARTESIAN_POINT('',(31.25,105.5,8.));
#467 = VECTOR('',#468,1.);
#468 = DIRECTION('',(0.,0.,1.));
#469 = ORIENTED_EDGE('',*,*,#242,.F.);
#470 = PLANE('',#471);
#471 = AXIS2_PLACEMENT_3D('',#472,#473,#474);
#472 = CARTESIAN_POINT('',(36.25,101.5,8.));
#473 = DIRECTION('',(-0.624695047554,-0.780868809443,0.));
#474 = DIRECTION('',(-0.780868809443,0.624695047554,0.));
#475 = ADVANCED_FACE('',(#476),#528,.T.);
#476 = FACE_BOUND('',#477,.T.);
#477 = EDGE_LOOP('',(#478,#479,#487,#496,#504,#513,#521,#527));
#478 = ORIENTED_EDGE('',*,*,#182,.F.);
#479 = ORIENTED_EDGE('',*,*,#480,.T.);
#480 = EDGE_CURVE('',#175,#481,#483,.T.);
#481 = VERTEX_POINT('',#482);
#482 = CARTESIAN_POINT('',(37.75,2.6,42.));
#483 = LINE('',#484,#485);
#484 = CARTESIAN_POINT('',(3.75,2.6,42.));
#485 = VECTOR('',#486,1.);
#486 = DIRECTION('',(1.,0.,0.));
#487 = ORIENTED_EDGE('',*,*,#488,.T.);
#488 = EDGE_CURVE('',#481,#489,#491,.T.);
#489 = VERTEX_POINT('',#490);
#490 = CARTESIAN_POINT('',(38.9,3.75,42.));
#491 = CIRCLE('',#492,1.15);
#492 = AXIS2_PLACEMENT_3D('',#493,#494,#495);
#493 = CARTESIAN_POINT('',(37.75,3.75,42.));
#494 = DIRECTION('',(-0.,0.,1.));
#495 = DIRECTION('',(6.17863248487E-15,-1.,0.));
#496 = ORIENTED_EDGE('',*,*,#497,.T.);
#497 = EDGE_CURVE('',#489,#498,#500,.T.);
#498 = VERTEX_POINT('',#499);
#499 = CARTESIAN_POINT('',(38.9,121.75,42.));
#500 = LINE('',#501,#502);
#501 = CARTESIAN_POINT('',(38.9,3.75,42.));
#502 = VECTOR('',#503,1.);
#503 = DIRECTION('',(0.,1.,0.));
#504 = ORIENTED_EDGE('',*,*,#505,.T.);
#505 = EDGE_CURVE('',#498,#506,#508,.T.);
#506 = VERTEX_POINT('',#507);
#507 = CARTESIAN_POINT('',(37.75,122.9,42.));
#508 = CIRCLE('',#509,1.15);
#509 = AXIS2_PLACEMENT_3D('',#510,#511,#512);
#510 = CARTESIAN_POINT('',(37.75,121.75,42.));
#511 = DIRECTION('',(0.,-0.,1.));
#512 = DIRECTION('',(1.,1.235726496974E-14,0.));
#513 = ORIENTED_EDGE('',*,*,#514,.T.);
#514 = EDGE_CURVE('',#506,#515,#517,.T.);
#515 = VERTEX_POINT('',#516);
#516 = CARTESIAN_POINT('',(31.25,122.9,42.));
#517 = LINE('',#518,#519);
#518 = CARTESIAN_POINT('',(37.75,122.9,42.));
#519 = VECTOR('',#520,1.);
#520 = DIRECTION('',(-1.,0.,0.));
#521 = ORIENTED_EDGE('',*,*,#522,.F.);
#522 = EDGE_CURVE('',#457,#515,#523,.T.);
#523 = LINE('',#524,#525);
#524 = CARTESIAN_POINT('',(31.25,105.5,42.));
#525 = VECTOR('',#526,1.);
#526 = DIRECTION('',(0.,1.,0.));
#527 = ORIENTED_EDGE('',*,*,#456,.F.);
#528 = PLANE('',#529);
#529 = AXIS2_PLACEMENT_3D('',#530,#531,#532);
#530 = CARTESIAN_POINT('',(20.75,62.75,42.));
#531 = DIRECTION('',(0.,0.,1.));
#532 = DIRECTION('',(1.,0.,0.));
#533 = ADVANCED_FACE('',(#534),#553,.T.);
#534 = FACE_BOUND('',#535,.T.);
#535 = EDGE_LOOP('',(#536,#544,#550,#551,#552));
#536 = ORIENTED_EDGE('',*,*,#537,.T.);
#537 = EDGE_CURVE('',#259,#538,#540,.T.);
#538 = VERTEX_POINT('',#539);
#539 = CARTESIAN_POINT('',(10.25,123.25,42.));
#540 = LINE('',#541,#542);
#541 = CARTESIAN_POINT('',(10.25,123.25,8.));
#542 = VECTOR('',#543,1.);
#543 = DIRECTION('',(0.,0.,1.));
#544 = ORIENTED_EDGE('',*,*,#545,.T.);
#545 = EDGE_CURVE('',#538,#408,#546,.T.);
#546 = LINE('',#547,#548);
#547 = CARTESIAN_POINT('',(10.25,123.25,42.));
#548 = VECTOR('',#549,1.);
#549 = DIRECTION('',(0.,-1.,0.));
#550 = ORIENTED_EDGE('',*,*,#407,.T.);
#551 = ORIENTED_EDGE('',*,*,#438,.F.);
#552 = ORIENTED_EDGE('',*,*,#266,.F.);
#553 = PLANE('',#554);
#554 = AXIS2_PLACEMENT_3D('',#555,#556,#557);
#555 = CARTESIAN_POINT('',(10.25,123.25,8.));
#556 = DIRECTION('',(1.,0.,0.));
#557 = DIRECTION('',(0.,-1.,0.));
#558 = ADVANCED_FACE('',(#559),#577,.T.);
#559 = FACE_BOUND('',#560,.T.);
#560 = EDGE_LOOP('',(#561,#569,#575,#576));
#561 = ORIENTED_EDGE('',*,*,#562,.T.);
#562 = EDGE_CURVE('',#251,#563,#565,.T.);
#563 = VERTEX_POINT('',#564);
#564 = CARTESIAN_POINT('',(31.25,123.25,42.));
#565 = LINE('',#566,#567);
#566 = CARTESIAN_POINT('',(31.25,123.25,8.));
#567 = VECTOR('',#568,1.);
#568 = DIRECTION('',(0.,0.,1.));
#569 = ORIENTED_EDGE('',*,*,#570,.T.);
#570 = EDGE_CURVE('',#563,#538,#571,.T.);
#571 = LINE('',#572,#573);
#572 = CARTESIAN_POINT('',(31.25,123.25,42.));
#573 = VECTOR('',#574,1.);
#574 = DIRECTION('',(-1.,0.,0.));
#575 = ORIENTED_EDGE('',*,*,#537,.F.);
#576 = ORIENTED_EDGE('',*,*,#258,.F.);
#577 = PLANE('',#578);
#578 = AXIS2_PLACEMENT_3D('',#579,#580,#581);
#579 = CARTESIAN_POINT('',(31.25,123.25,8.));
#580 = DIRECTION('',(0.,-1.,0.));
#581 = DIRECTION('',(-1.,0.,0.));
#582 = ADVANCED_FACE('',(#583),#595,.T.);
#583 = FACE_BOUND('',#584,.T.);
#584 = EDGE_LOOP('',(#585,#586,#587,#593,#594));
#585 = ORIENTED_EDGE('',*,*,#464,.T.);
#586 = ORIENTED_EDGE('',*,*,#522,.T.);
#587 = ORIENTED_EDGE('',*,*,#588,.T.);
#588 = EDGE_CURVE('',#515,#563,#589,.T.);
#589 = LINE('',#590,#591);
#590 = CARTESIAN_POINT('',(31.25,105.5,42.));
#591 = VECTOR('',#592,1.);
#592 = DIRECTION('',(0.,1.,0.));
#593 = ORIENTED_EDGE('',*,*,#562,.F.);
#594 = ORIENTED_EDGE('',*,*,#250,.F.);
#595 = PLANE('',#596);
#596 = AXIS2_PLACEMENT_3D('',#597,#598,#599);
#597 = CARTESIAN_POINT('',(31.25,105.5,8.));
#598 = DIRECTION('',(-1.,0.,0.));
#599 = DIRECTION('',(0.,1.,0.));
#600 = ADVANCED_FACE('',(#601),#626,.F.);
#601 = FACE_BOUND('',#602,.F.);
#602 = EDGE_LOOP('',(#603,#604,#612,#620));
#603 = ORIENTED_EDGE('',*,*,#282,.F.);
#604 = ORIENTED_EDGE('',*,*,#605,.T.);
#605 = EDGE_CURVE('',#283,#606,#608,.T.);
#606 = VERTEX_POINT('',#607);
#607 = CARTESIAN_POINT('',(14.25,111.,23.));
#608 = LINE('',#609,#610);
#609 = CARTESIAN_POINT('',(14.25,111.,8.));
#610 = VECTOR('',#611,1.);
#611 = DIRECTION('',(0.,0.,1.));
#612 = ORIENTED_EDGE('',*,*,#613,.T.);
#613 = EDGE_CURVE('',#606,#614,#616,.T.);
#614 = VERTEX_POINT('',#615);
#615 = CARTESIAN_POINT('',(27.25,111.,23.));
#616 = LINE('',#617,#618);
#617 = CARTESIAN_POINT('',(14.25,111.,23.));
#618 = VECTOR('',#619,1.);
#619 = DIRECTION('',(1.,0.,0.));
#620 = ORIENTED_EDGE('',*,*,#621,.F.);
#621 = EDGE_CURVE('',#285,#614,#622,.T.);
#622 = LINE('',#623,#624);
#623 = CARTESIAN_POINT('',(27.25,111.,8.));
#624 = VECTOR('',#625,1.);
#625 = DIRECTION('',(0.,0.,1.));
#626 = PLANE('',#627);
#627 = AXIS2_PLACEMENT_3D('',#628,#629,#630);
#628 = CARTESIAN_POINT('',(14.25,111.,8.));
#629 = DIRECTION('',(0.,1.,0.));
#630 = DIRECTION('',(0.,0.,1.));
#631 = ADVANCED_FACE('',(#632),#650,.T.);
#632 = FACE_BOUND('',#633,.T.);
#633 = EDGE_LOOP('',(#634,#635,#636,#644));
#634 = ORIENTED_EDGE('',*,*,#621,.F.);
#635 = ORIENTED_EDGE('',*,*,#308,.T.);
#636 = ORIENTED_EDGE('',*,*,#637,.T.);
#637 = EDGE_CURVE('',#301,#638,#640,.T.);
#638 = VERTEX_POINT('',#639);
#639 = CARTESIAN_POINT('',(27.25,119.,23.));
#640 = LINE('',#641,#642);
#641 = CARTESIAN_POINT('',(27.25,119.,8.));
#642 = VECTOR('',#643,1.);
#643 = DIRECTION('',(0.,0.,1.));
#644 = ORIENTED_EDGE('',*,*,#645,.F.);
#645 = EDGE_CURVE('',#614,#638,#646,.T.);
#646 = LINE('',#647,#648);
#647 = CARTESIAN_POINT('',(27.25,111.,23.));
#648 = VECTOR('',#649,1.);
#649 = DIRECTION('',(0.,1.,0.));
#650 = PLANE('',#651);
#651 = AXIS2_PLACEMENT_3D('',#652,#653,#654);
#652 = CARTESIAN_POINT('',(27.25,111.,8.));
#653 = DIRECTION('',(1.,0.,0.));
#654 = DIRECTION('',(0.,0.,1.));
#655 = ADVANCED_FACE('',(#656),#674,.T.);
#656 = FACE_BOUND('',#657,.T.);
#657 = EDGE_LOOP('',(#658,#659,#667,#673));
#658 = ORIENTED_EDGE('',*,*,#300,.F.);
#659 = ORIENTED_EDGE('',*,*,#660,.T.);
#660 = EDGE_CURVE('',#293,#661,#663,.T.);
#661 = VERTEX_POINT('',#662);
#662 = CARTESIAN_POINT('',(14.25,119.,23.));
#663 = LINE('',#664,#665);
#664 = CARTESIAN_POINT('',(14.25,119.,8.));
#665 = VECTOR('',#666,1.);
#666 = DIRECTION('',(0.,0.,1.));
#667 = ORIENTED_EDGE('',*,*,#668,.T.);
#668 = EDGE_CURVE('',#661,#638,#669,.T.);
#669 = LINE('',#670,#671);
#670 = CARTESIAN_POINT('',(14.25,119.,23.));
#671 = VECTOR('',#672,1.);
#672 = DIRECTION('',(1.,0.,0.));
#673 = ORIENTED_EDGE('',*,*,#637,.F.);
#674 = PLANE('',#675);
#675 = AXIS2_PLACEMENT_3D('',#676,#677,#678);
#676 = CARTESIAN_POINT('',(14.25,119.,8.));
#677 = DIRECTION('',(0.,1.,0.));
#678 = DIRECTION('',(0.,0.,1.));
#679 = ADVANCED_FACE('',(#680),#691,.F.);
#680 = FACE_BOUND('',#681,.F.);
#681 = EDGE_LOOP('',(#682,#683,#684,#685));
#682 = ORIENTED_EDGE('',*,*,#605,.F.);
#683 = ORIENTED_EDGE('',*,*,#292,.T.);
#684 = ORIENTED_EDGE('',*,*,#660,.T.);
#685 = ORIENTED_EDGE('',*,*,#686,.F.);
#686 = EDGE_CURVE('',#606,#661,#687,.T.);
#687 = LINE('',#688,#689);
#688 = CARTESIAN_POINT('',(14.25,111.,23.));
#689 = VECTOR('',#690,1.);
#690 = DIRECTION('',(0.,1.,0.));
#691 = PLANE('',#692);
#692 = AXIS2_PLACEMENT_3D('',#693,#694,#695);
#693 = CARTESIAN_POINT('',(14.25,111.,8.));
#694 = DIRECTION('',(1.,0.,0.));
#695 = DIRECTION('',(0.,0.,1.));
#696 = ADVANCED_FACE('',(#697),#722,.F.);
#697 = FACE_BOUND('',#698,.F.);
#698 = EDGE_LOOP('',(#699,#700,#701,#702,#709,#717));
#699 = ORIENTED_EDGE('',*,*,#392,.T.);
#700 = ORIENTED_EDGE('',*,*,#359,.T.);
#701 = ORIENTED_EDGE('',*,*,#480,.T.);
#702 = ORIENTED_EDGE('',*,*,#703,.T.);
#703 = EDGE_CURVE('',#481,#704,#706,.T.);
#704 = VERTEX_POINT('',#705);
#705 = CARTESIAN_POINT('',(37.75,1.9,42.7));
#706 = B_SPLINE_CURVE_WITH_KNOTS('',1,(#707,#708),.UNSPECIFIED.,.F.,.F.,
  (2,2),(0.,1.),.PIECEWISE_BEZIER_KNOTS.);
#707 = CARTESIAN_POINT('',(37.75,2.6,42.));
#708 = CARTESIAN_POINT('',(37.75,1.9,42.7));
#709 = ORIENTED_EDGE('',*,*,#710,.F.);
#710 = EDGE_CURVE('',#711,#704,#713,.T.);
#711 = VERTEX_POINT('',#712);
#712 = CARTESIAN_POINT('',(3.75,1.9,42.7));
#713 = LINE('',#714,#715);
#714 = CARTESIAN_POINT('',(3.75,1.9,42.7));
#715 = VECTOR('',#716,1.);
#716 = DIRECTION('',(1.,0.,0.));
#717 = ORIENTED_EDGE('',*,*,#718,.F.);
#718 = EDGE_CURVE('',#384,#711,#719,.T.);
#719 = B_SPLINE_CURVE_WITH_KNOTS('',1,(#720,#721),.UNSPECIFIED.,.F.,.F.,
  (2,2),(0.,1.),.PIECEWISE_BEZIER_KNOTS.);
#720 = CARTESIAN_POINT('',(3.75,2.6,42.));
#721 = CARTESIAN_POINT('',(3.75,1.9,42.7));
#722 = PLANE('',#723);
#723 = AXIS2_PLACEMENT_3D('',#724,#725,#726);
#724 = CARTESIAN_POINT('',(3.75,1.9,42.7));
#725 = DIRECTION('',(0.,-0.707106781187,-0.707106781187));
#726 = DIRECTION('',(1.,0.,0.));
#727 = ADVANCED_FACE('',(#728),#751,.F.);
#728 = FACE_BOUND('',#729,.F.);
#729 = EDGE_LOOP('',(#730,#731,#738,#746));
#730 = ORIENTED_EDGE('',*,*,#373,.T.);
#731 = ORIENTED_EDGE('',*,*,#732,.T.);
#732 = EDGE_CURVE('',#376,#733,#735,.T.);
#733 = VERTEX_POINT('',#734);
#734 = CARTESIAN_POINT('',(1.9,3.75,42.7));
#735 = B_SPLINE_CURVE_WITH_KNOTS('',1,(#736,#737),.UNSPECIFIED.,.F.,.F.,
  (2,2),(0.,1.),.PIECEWISE_BEZIER_KNOTS.);
#736 = CARTESIAN_POINT('',(2.6,3.75,42.));
#737 = CARTESIAN_POINT('',(1.9,3.75,42.7));
#738 = ORIENTED_EDGE('',*,*,#739,.F.);
#739 = EDGE_CURVE('',#740,#733,#742,.T.);
#740 = VERTEX_POINT('',#741);
#741 = CARTESIAN_POINT('',(1.9,121.75,42.7));
#742 = LINE('',#743,#744);
#743 = CARTESIAN_POINT('',(1.9,121.75,42.7));
#744 = VECTOR('',#745,1.);
#745 = DIRECTION('',(0.,-1.,0.));
#746 = ORIENTED_EDGE('',*,*,#747,.F.);
#747 = EDGE_CURVE('',#374,#740,#748,.T.);
#748 = B_SPLINE_CURVE_WITH_KNOTS('',1,(#749,#750),.UNSPECIFIED.,.F.,.F.,
  (2,2),(0.,1.),.PIECEWISE_BEZIER_KNOTS.);
#749 = CARTESIAN_POINT('',(2.6,121.75,42.));
#750 = CARTESIAN_POINT('',(1.9,121.75,42.7));
#751 = PLANE('',#752);
#752 = AXIS2_PLACEMENT_3D('',#753,#754,#755);
#753 = CARTESIAN_POINT('',(1.9,121.75,42.7));
#754 = DIRECTION('',(-0.707106781187,-0.,-0.707106781187));
#755 = DIRECTION('',(0.,-1.,0.));
#756 = ADVANCED_FACE('',(#757),#775,.F.);
#757 = FACE_BOUND('',#758,.F.);
#758 = EDGE_LOOP('',(#759,#760,#761,#770));
#759 = ORIENTED_EDGE('',*,*,#423,.T.);
#760 = ORIENTED_EDGE('',*,*,#747,.T.);
#761 = ORIENTED_EDGE('',*,*,#762,.F.);
#762 = EDGE_CURVE('',#763,#740,#765,.T.);
#763 = VERTEX_POINT('',#764);
#764 = CARTESIAN_POINT('',(3.75,123.6,42.7));
#765 = CIRCLE('',#766,1.85);
#766 = AXIS2_PLACEMENT_3D('',#767,#768,#769);
#767 = CARTESIAN_POINT('',(3.75,121.75,42.7));
#768 = DIRECTION('',(0.,-0.,1.));
#769 = DIRECTION('',(4.560916209271E-15,1.,0.));
#770 = ORIENTED_EDGE('',*,*,#771,.F.);
#771 = EDGE_CURVE('',#416,#763,#772,.T.);
#772 = B_SPLINE_CURVE_WITH_KNOTS('',1,(#773,#774),.UNSPECIFIED.,.F.,.F.,
  (2,2),(0.,1.),.PIECEWISE_BEZIER_KNOTS.);
#773 = CARTESIAN_POINT('',(3.75,122.9,42.));
#774 = CARTESIAN_POINT('',(3.75,123.6,42.7));
#775 = CONICAL_SURFACE('',#776,1.15,0.785398163397);
#776 = AXIS2_PLACEMENT_3D('',#777,#778,#779);
#777 = CARTESIAN_POINT('',(3.75,121.75,42.));
#778 = DIRECTION('',(0.,0.,1.));
#779 = DIRECTION('',(-9.65411325761E-15,1.,0.));
#780 = ADVANCED_FACE('',(#781),#805,.F.);
#781 = FACE_BOUND('',#782,.F.);
#782 = EDGE_LOOP('',(#783,#784,#790,#791,#792,#800));
#783 = ORIENTED_EDGE('',*,*,#514,.T.);
#784 = ORIENTED_EDGE('',*,*,#785,.T.);
#785 = EDGE_CURVE('',#515,#408,#786,.T.);
#786 = LINE('',#787,#788);
#787 = CARTESIAN_POINT('',(37.75,122.9,42.));
#788 = VECTOR('',#789,1.);
#789 = DIRECTION('',(-1.,0.,0.));
#790 = ORIENTED_EDGE('',*,*,#415,.T.);
#791 = ORIENTED_EDGE('',*,*,#771,.T.);
#792 = ORIENTED_EDGE('',*,*,#793,.F.);
#793 = EDGE_CURVE('',#794,#763,#796,.T.);
#794 = VERTEX_POINT('',#795);
#795 = CARTESIAN_POINT('',(37.75,123.6,42.7));
#796 = LINE('',#797,#798);
#797 = CARTESIAN_POINT('',(37.75,123.6,42.7));
#798 = VECTOR('',#799,1.);
#799 = DIRECTION('',(-1.,0.,0.));
#800 = ORIENTED_EDGE('',*,*,#801,.F.);
#801 = EDGE_CURVE('',#506,#794,#802,.T.);
#802 = B_SPLINE_CURVE_WITH_KNOTS('',1,(#803,#804),.UNSPECIFIED.,.F.,.F.,
  (2,2),(0.,1.),.PIECEWISE_BEZIER_KNOTS.);
#803 = CARTESIAN_POINT('',(37.75,122.9,42.));
#804 = CARTESIAN_POINT('',(37.75,123.6,42.7));
#805 = PLANE('',#806);
#806 = AXIS2_PLACEMENT_3D('',#807,#808,#809);
#807 = CARTESIAN_POINT('',(37.75,123.6,42.7));
#808 = DIRECTION('',(0.,0.707106781187,-0.707106781187));
#809 = DIRECTION('',(-1.,0.,0.));
#810 = ADVANCED_FACE('',(#811),#823,.F.);
#811 = FACE_BOUND('',#812,.F.);
#812 = EDGE_LOOP('',(#813,#814,#815,#822));
#813 = ORIENTED_EDGE('',*,*,#383,.T.);
#814 = ORIENTED_EDGE('',*,*,#718,.T.);
#815 = ORIENTED_EDGE('',*,*,#816,.F.);
#816 = EDGE_CURVE('',#733,#711,#817,.T.);
#817 = CIRCLE('',#818,1.85);
#818 = AXIS2_PLACEMENT_3D('',#819,#820,#821);
#819 = CARTESIAN_POINT('',(3.75,3.75,42.7));
#820 = DIRECTION('',(0.,0.,1.));
#821 = DIRECTION('',(-1.,2.400482215406E-16,0.));
#822 = ORIENTED_EDGE('',*,*,#732,.F.);
#823 = CONICAL_SURFACE('',#824,1.15,0.785398163397);
#824 = AXIS2_PLACEMENT_3D('',#825,#826,#827);
#825 = CARTESIAN_POINT('',(3.75,3.75,42.));
#826 = DIRECTION('',(0.,0.,1.));
#827 = DIRECTION('',(-1.,-1.158493590913E-15,0.));
#828 = ADVANCED_FACE('',(#829),#847,.F.);
#829 = FACE_BOUND('',#830,.F.);
#830 = EDGE_LOOP('',(#831,#832,#833,#842));
#831 = ORIENTED_EDGE('',*,*,#505,.T.);
#832 = ORIENTED_EDGE('',*,*,#801,.T.);
#833 = ORIENTED_EDGE('',*,*,#834,.F.);
#834 = EDGE_CURVE('',#835,#794,#837,.T.);
#835 = VERTEX_POINT('',#836);
#836 = CARTESIAN_POINT('',(39.6,121.75,42.7));
#837 = CIRCLE('',#838,1.85);
#838 = AXIS2_PLACEMENT_3D('',#839,#840,#841);
#839 = CARTESIAN_POINT('',(37.75,121.75,42.7));
#840 = DIRECTION('',(0.,0.,1.));
#841 = DIRECTION('',(1.,0.,0.));
#842 = ORIENTED_EDGE('',*,*,#843,.F.);
#843 = EDGE_CURVE('',#498,#835,#844,.T.);
#844 = B_SPLINE_CURVE_WITH_KNOTS('',1,(#845,#846),.UNSPECIFIED.,.F.,.F.,
  (2,2),(0.,1.),.PIECEWISE_BEZIER_KNOTS.);
#845 = CARTESIAN_POINT('',(38.9,121.75,42.));
#846 = CARTESIAN_POINT('',(39.6,121.75,42.7));
#847 = CONICAL_SURFACE('',#848,1.15,0.785398163397);
#848 = AXIS2_PLACEMENT_3D('',#849,#850,#851);
#849 = CARTESIAN_POINT('',(37.75,121.75,42.));
#850 = DIRECTION('',(0.,0.,1.));
#851 = DIRECTION('',(1.,1.235726496974E-14,0.));
#852 = ADVANCED_FACE('',(#853),#870,.F.);
#853 = FACE_BOUND('',#854,.F.);
#854 = EDGE_LOOP('',(#855,#856,#857,#865));
#855 = ORIENTED_EDGE('',*,*,#497,.T.);
#856 = ORIENTED_EDGE('',*,*,#843,.T.);
#857 = ORIENTED_EDGE('',*,*,#858,.F.);
#858 = EDGE_CURVE('',#859,#835,#861,.T.);
#859 = VERTEX_POINT('',#860);
#860 = CARTESIAN_POINT('',(39.6,3.75,42.7));
#861 = LINE('',#862,#863);
#862 = CARTESIAN_POINT('',(39.6,3.75,42.7));
#863 = VECTOR('',#864,1.);
#864 = DIRECTION('',(0.,1.,0.));
#865 = ORIENTED_EDGE('',*,*,#866,.F.);
#866 = EDGE_CURVE('',#489,#859,#867,.T.);
#867 = B_SPLINE_CURVE_WITH_KNOTS('',1,(#868,#869),.UNSPECIFIED.,.F.,.F.,
  (2,2),(0.,1.),.PIECEWISE_BEZIER_KNOTS.);
#868 = CARTESIAN_POINT('',(38.9,3.75,42.));
#869 = CARTESIAN_POINT('',(39.6,3.75,42.7));
#870 = PLANE('',#871);
#871 = AXIS2_PLACEMENT_3D('',#872,#873,#874);
#872 = CARTESIAN_POINT('',(39.6,3.75,42.7));
#873 = DIRECTION('',(0.707106781187,0.,-0.707106781187));
#874 = DIRECTION('',(0.,1.,0.));
#875 = ADVANCED_FACE('',(#876),#888,.F.);
#876 = FACE_BOUND('',#877,.F.);
#877 = EDGE_LOOP('',(#878,#879,#880,#887));
#878 = ORIENTED_EDGE('',*,*,#488,.T.);
#879 = ORIENTED_EDGE('',*,*,#866,.T.);
#880 = ORIENTED_EDGE('',*,*,#881,.F.);
#881 = EDGE_CURVE('',#704,#859,#882,.T.);
#882 = CIRCLE('',#883,1.85);
#883 = AXIS2_PLACEMENT_3D('',#884,#885,#886);
#884 = CARTESIAN_POINT('',(37.75,3.75,42.7));
#885 = DIRECTION('',(-0.,0.,1.));
#886 = DIRECTION('',(0.,-1.,0.));
#887 = ORIENTED_EDGE('',*,*,#703,.F.);
#888 = CONICAL_SURFACE('',#889,1.15,0.785398163397);
#889 = AXIS2_PLACEMENT_3D('',#890,#891,#892);
#890 = CARTESIAN_POINT('',(37.75,3.75,42.));
#891 = DIRECTION('',(0.,0.,1.));
#892 = DIRECTION('',(6.17863248487E-15,-1.,0.));
#893 = ADVANCED_FACE('',(#894),#900,.F.);
#894 = FACE_BOUND('',#895,.F.);
#895 = EDGE_LOOP('',(#896,#897,#898,#899));
#896 = ORIENTED_EDGE('',*,*,#545,.T.);
#897 = ORIENTED_EDGE('',*,*,#785,.F.);
#898 = ORIENTED_EDGE('',*,*,#588,.T.);
#899 = ORIENTED_EDGE('',*,*,#570,.T.);
#900 = PLANE('',#901);
#901 = AXIS2_PLACEMENT_3D('',#902,#903,#904);
#902 = CARTESIAN_POINT('',(20.75,61.006087319831,42.));
#903 = DIRECTION('',(0.,0.,1.));
#904 = DIRECTION('',(1.,0.,0.));
#905 = ADVANCED_FACE('',(#906),#912,.T.);
#906 = FACE_BOUND('',#907,.T.);
#907 = EDGE_LOOP('',(#908,#909,#910,#911));
#908 = ORIENTED_EDGE('',*,*,#686,.F.);
#909 = ORIENTED_EDGE('',*,*,#613,.T.);
#910 = ORIENTED_EDGE('',*,*,#645,.T.);
#911 = ORIENTED_EDGE('',*,*,#668,.F.);
#912 = PLANE('',#913);
#913 = AXIS2_PLACEMENT_3D('',#914,#915,#916);
#914 = CARTESIAN_POINT('',(14.25,111.,23.));
#915 = DIRECTION('',(0.,0.,1.));
#916 = DIRECTION('',(1.,0.,0.));
#917 = ADVANCED_FACE('',(#918),#941,.F.);
#918 = FACE_BOUND('',#919,.F.);
#919 = EDGE_LOOP('',(#920,#921,#928,#936));
#920 = ORIENTED_EDGE('',*,*,#710,.T.);
#921 = ORIENTED_EDGE('',*,*,#922,.T.);
#922 = EDGE_CURVE('',#704,#923,#925,.T.);
#923 = VERTEX_POINT('',#924);
#924 = CARTESIAN_POINT('',(37.75,1.9,44.5));
#925 = B_SPLINE_CURVE_WITH_KNOTS('',1,(#926,#927),.UNSPECIFIED.,.F.,.F.,
  (2,2),(0.,1.),.PIECEWISE_BEZIER_KNOTS.);
#926 = CARTESIAN_POINT('',(37.75,1.9,42.7));
#927 = CARTESIAN_POINT('',(37.75,1.9,44.5));
#928 = ORIENTED_EDGE('',*,*,#929,.F.);
#929 = EDGE_CURVE('',#930,#923,#932,.T.);
#930 = VERTEX_POINT('',#931);
#931 = CARTESIAN_POINT('',(3.75,1.9,44.5));
#932 = LINE('',#933,#934);
#933 = CARTESIAN_POINT('',(3.75,1.9,44.5));
#934 = VECTOR('',#935,1.);
#935 = DIRECTION('',(1.,0.,0.));
#936 = ORIENTED_EDGE('',*,*,#937,.F.);
#937 = EDGE_CURVE('',#711,#930,#938,.T.);
#938 = B_SPLINE_CURVE_WITH_KNOTS('',1,(#939,#940),.UNSPECIFIED.,.F.,.F.,
  (2,2),(0.,1.),.PIECEWISE_BEZIER_KNOTS.);
#939 = CARTESIAN_POINT('',(3.75,1.9,42.7));
#940 = CARTESIAN_POINT('',(3.75,1.9,44.5));
#941 = PLANE('',#942);
#942 = AXIS2_PLACEMENT_3D('',#943,#944,#945);
#943 = CARTESIAN_POINT('',(3.75,1.9,44.5));
#944 = DIRECTION('',(0.,-1.,0.));
#945 = DIRECTION('',(1.,0.,0.));
#946 = ADVANCED_FACE('',(#947),#970,.F.);
#947 = FACE_BOUND('',#948,.F.);
#948 = EDGE_LOOP('',(#949,#950,#957,#965));
#949 = ORIENTED_EDGE('',*,*,#739,.T.);
#950 = ORIENTED_EDGE('',*,*,#951,.T.);
#951 = EDGE_CURVE('',#733,#952,#954,.T.);
#952 = VERTEX_POINT('',#953);
#953 = CARTESIAN_POINT('',(1.9,3.75,44.5));
#954 = B_SPLINE_CURVE_WITH_KNOTS('',1,(#955,#956),.UNSPECIFIED.,.F.,.F.,
  (2,2),(0.,1.),.PIECEWISE_BEZIER_KNOTS.);
#955 = CARTESIAN_POINT('',(1.9,3.75,42.7));
#956 = CARTESIAN_POINT('',(1.9,3.75,44.5));
#957 = ORIENTED_EDGE('',*,*,#958,.F.);
#958 = EDGE_CURVE('',#959,#952,#961,.T.);
#959 = VERTEX_POINT('',#960);
#960 = CARTESIAN_POINT('',(1.9,121.75,44.5));
#961 = LINE('',#962,#963);
#962 = CARTESIAN_POINT('',(1.9,121.75,44.5));
#963 = VECTOR('',#964,1.);
#964 = DIRECTION('',(0.,-1.,0.));
#965 = ORIENTED_EDGE('',*,*,#966,.F.);
#966 = EDGE_CURVE('',#740,#959,#967,.T.);
#967 = B_SPLINE_CURVE_WITH_KNOTS('',1,(#968,#969),.UNSPECIFIED.,.F.,.F.,
  (2,2),(0.,1.),.PIECEWISE_BEZIER_KNOTS.);
#968 = CARTESIAN_POINT('',(1.9,121.75,42.7));
#969 = CARTESIAN_POINT('',(1.9,121.75,44.5));
#970 = PLANE('',#971);
#971 = AXIS2_PLACEMENT_3D('',#972,#973,#974);
#972 = CARTESIAN_POINT('',(1.9,121.75,44.5));
#973 = DIRECTION('',(-1.,0.,0.));
#974 = DIRECTION('',(0.,-1.,0.));
#975 = ADVANCED_FACE('',(#976),#994,.F.);
#976 = FACE_BOUND('',#977,.F.);
#977 = EDGE_LOOP('',(#978,#979,#980,#989));
#978 = ORIENTED_EDGE('',*,*,#762,.T.);
#979 = ORIENTED_EDGE('',*,*,#966,.T.);
#980 = ORIENTED_EDGE('',*,*,#981,.F.);
#981 = EDGE_CURVE('',#982,#959,#984,.T.);
#982 = VERTEX_POINT('',#983);
#983 = CARTESIAN_POINT('',(3.75,123.6,44.5));
#984 = CIRCLE('',#985,1.85);
#985 = AXIS2_PLACEMENT_3D('',#986,#987,#988);
#986 = CARTESIAN_POINT('',(3.75,121.75,44.5));
#987 = DIRECTION('',(0.,-0.,1.));
#988 = DIRECTION('',(4.560916209271E-15,1.,0.));
#989 = ORIENTED_EDGE('',*,*,#990,.F.);
#990 = EDGE_CURVE('',#763,#982,#991,.T.);
#991 = B_SPLINE_CURVE_WITH_KNOTS('',1,(#992,#993),.UNSPECIFIED.,.F.,.F.,
  (2,2),(0.,1.),.PIECEWISE_BEZIER_KNOTS.);
#992 = CARTESIAN_POINT('',(3.75,123.6,42.7));
#993 = CARTESIAN_POINT('',(3.75,123.6,44.5));
#994 = CYLINDRICAL_SURFACE('',#995,1.85);
#995 = AXIS2_PLACEMENT_3D('',#996,#997,#998);
#996 = CARTESIAN_POINT('',(3.75,121.75,42.7));
#997 = DIRECTION('',(0.,0.,1.));
#998 = DIRECTION('',(4.560916209271E-15,1.,0.));
#999 = ADVANCED_FACE('',(#1000),#1017,.F.);
#1000 = FACE_BOUND('',#1001,.F.);
#1001 = EDGE_LOOP('',(#1002,#1003,#1004,#1012));
#1002 = ORIENTED_EDGE('',*,*,#793,.T.);
#1003 = ORIENTED_EDGE('',*,*,#990,.T.);
#1004 = ORIENTED_EDGE('',*,*,#1005,.F.);
#1005 = EDGE_CURVE('',#1006,#982,#1008,.T.);
#1006 = VERTEX_POINT('',#1007);
#1007 = CARTESIAN_POINT('',(37.75,123.6,44.5));
#1008 = LINE('',#1009,#1010);
#1009 = CARTESIAN_POINT('',(37.75,123.6,44.5));
#1010 = VECTOR('',#1011,1.);
#1011 = DIRECTION('',(-1.,0.,0.));
#1012 = ORIENTED_EDGE('',*,*,#1013,.F.);
#1013 = EDGE_CURVE('',#794,#1006,#1014,.T.);
#1014 = B_SPLINE_CURVE_WITH_KNOTS('',1,(#1015,#1016),.UNSPECIFIED.,.F.,
  .F.,(2,2),(0.,1.),.PIECEWISE_BEZIER_KNOTS.);
#1015 = CARTESIAN_POINT('',(37.75,123.6,42.7));
#1016 = CARTESIAN_POINT('',(37.75,123.6,44.5));
#1017 = PLANE('',#1018);
#1018 = AXIS2_PLACEMENT_3D('',#1019,#1020,#1021);
#1019 = CARTESIAN_POINT('',(37.75,123.6,44.5));
#1020 = DIRECTION('',(0.,1.,0.));
#1021 = DIRECTION('',(-1.,0.,0.));
#1022 = ADVANCED_FACE('',(#1023),#1035,.F.);
#1023 = FACE_BOUND('',#1024,.F.);
#1024 = EDGE_LOOP('',(#1025,#1026,#1027,#1034));
#1025 = ORIENTED_EDGE('',*,*,#816,.T.);
#1026 = ORIENTED_EDGE('',*,*,#937,.T.);
#1027 = ORIENTED_EDGE('',*,*,#1028,.F.);
#1028 = EDGE_CURVE('',#952,#930,#1029,.T.);
#1029 = CIRCLE('',#1030,1.85);
#1030 = AXIS2_PLACEMENT_3D('',#1031,#1032,#1033);
#1031 = CARTESIAN_POINT('',(3.75,3.75,44.5));
#1032 = DIRECTION('',(0.,0.,1.));
#1033 = DIRECTION('',(-1.,2.400482215406E-16,0.));
#1034 = ORIENTED_EDGE('',*,*,#951,.F.);
#1035 = CYLINDRICAL_SURFACE('',#1036,1.85);
#1036 = AXIS2_PLACEMENT_3D('',#1037,#1038,#1039);
#1037 = CARTESIAN_POINT('',(3.75,3.75,42.7));
#1038 = DIRECTION('',(0.,0.,1.));
#1039 = DIRECTION('',(-1.,2.400482215406E-16,0.));
#1040 = ADVANCED_FACE('',(#1041),#1059,.F.);
#1041 = FACE_BOUND('',#1042,.F.);
#1042 = EDGE_LOOP('',(#1043,#1044,#1045,#1054));
#1043 = ORIENTED_EDGE('',*,*,#834,.T.);
#1044 = ORIENTED_EDGE('',*,*,#1013,.T.);
#1045 = ORIENTED_EDGE('',*,*,#1046,.F.);
#1046 = EDGE_CURVE('',#1047,#1006,#1049,.T.);
#1047 = VERTEX_POINT('',#1048);
#1048 = CARTESIAN_POINT('',(39.6,121.75,44.5));
#1049 = CIRCLE('',#1050,1.85);
#1050 = AXIS2_PLACEMENT_3D('',#1051,#1052,#1053);
#1051 = CARTESIAN_POINT('',(37.75,121.75,44.5));
#1052 = DIRECTION('',(0.,0.,1.));
#1053 = DIRECTION('',(1.,0.,0.));
#1054 = ORIENTED_EDGE('',*,*,#1055,.F.);
#1055 = EDGE_CURVE('',#835,#1047,#1056,.T.);
#1056 = B_SPLINE_CURVE_WITH_KNOTS('',1,(#1057,#1058),.UNSPECIFIED.,.F.,
  .F.,(2,2),(0.,1.),.PIECEWISE_BEZIER_KNOTS.);
#1057 = CARTESIAN_POINT('',(39.6,121.75,42.7));
#1058 = CARTESIAN_POINT('',(39.6,121.75,44.5));
#1059 = CYLINDRICAL_SURFACE('',#1060,1.85);
#1060 = AXIS2_PLACEMENT_3D('',#1061,#1062,#1063);
#1061 = CARTESIAN_POINT('',(37.75,121.75,42.7));
#1062 = DIRECTION('',(0.,0.,1.));
#1063 = DIRECTION('',(1.,0.,0.));
#1064 = ADVANCED_FACE('',(#1065),#1082,.F.);
#1065 = FACE_BOUND('',#1066,.F.);
#1066 = EDGE_LOOP('',(#1067,#1068,#1069,#1077));
#1067 = ORIENTED_EDGE('',*,*,#858,.T.);
#1068 = ORIENTED_EDGE('',*,*,#1055,.T.);
#1069 = ORIENTED_EDGE('',*,*,#1070,.F.);
#1070 = EDGE_CURVE('',#1071,#1047,#1073,.T.);
#1071 = VERTEX_POINT('',#1072);
#1072 = CARTESIAN_POINT('',(39.6,3.75,44.5));
#1073 = LINE('',#1074,#1075);
#1074 = CARTESIAN_POINT('',(39.6,3.75,44.5));
#1075 = VECTOR('',#1076,1.);
#1076 = DIRECTION('',(0.,1.,0.));
#1077 = ORIENTED_EDGE('',*,*,#1078,.F.);
#1078 = EDGE_CURVE('',#859,#1071,#1079,.T.);
#1079 = B_SPLINE_CURVE_WITH_KNOTS('',1,(#1080,#1081),.UNSPECIFIED.,.F.,
  .F.,(2,2),(0.,1.),.PIECEWISE_BEZIER_KNOTS.);
#1080 = CARTESIAN_POINT('',(39.6,3.75,42.7));
#1081 = CARTESIAN_POINT('',(39.6,3.75,44.5));
#1082 = PLANE('',#1083);
#1083 = AXIS2_PLACEMENT_3D('',#1084,#1085,#1086);
#1084 = CARTESIAN_POINT('',(39.6,3.75,44.5));
#1085 = DIRECTION('',(1.,0.,0.));
#1086 = DIRECTION('',(0.,1.,0.));
#1087 = ADVANCED_FACE('',(#1088),#1100,.F.);
#1088 = FACE_BOUND('',#1089,.F.);
#1089 = EDGE_LOOP('',(#1090,#1091,#1092,#1099));
#1090 = ORIENTED_EDGE('',*,*,#881,.T.);
#1091 = ORIENTED_EDGE('',*,*,#1078,.T.);
#1092 = ORIENTED_EDGE('',*,*,#1093,.F.);
#1093 = EDGE_CURVE('',#923,#1071,#1094,.T.);
#1094 = CIRCLE('',#1095,1.85);
#1095 = AXIS2_PLACEMENT_3D('',#1096,#1097,#1098);
#1096 = CARTESIAN_POINT('',(37.75,3.75,44.5));
#1097 = DIRECTION('',(-0.,0.,1.));
#1098 = DIRECTION('',(0.,-1.,0.));
#1099 = ORIENTED_EDGE('',*,*,#922,.F.);
#1100 = CYLINDRICAL_SURFACE('',#1101,1.85);
#1101 = AXIS2_PLACEMENT_3D('',#1102,#1103,#1104);
#1102 = CARTESIAN_POINT('',(37.75,3.75,42.7));
#1103 = DIRECTION('',(0.,0.,1.));
#1104 = DIRECTION('',(0.,-1.,0.));
#1105 = ADVANCED_FACE('',(#1106),#1129,.F.);
#1106 = FACE_BOUND('',#1107,.F.);
#1107 = EDGE_LOOP('',(#1108,#1109,#1116,#1124));
#1108 = ORIENTED_EDGE('',*,*,#929,.T.);
#1109 = ORIENTED_EDGE('',*,*,#1110,.T.);
#1110 = EDGE_CURVE('',#923,#1111,#1113,.T.);
#1111 = VERTEX_POINT('',#1112);
#1112 = CARTESIAN_POINT('',(37.75,-2.22044604925E-16,46.4));
#1113 = B_SPLINE_CURVE_WITH_KNOTS('',1,(#1114,#1115),.UNSPECIFIED.,.F.,
  .F.,(2,2),(0.,1.),.PIECEWISE_BEZIER_KNOTS.);
#1114 = CARTESIAN_POINT('',(37.75,1.9,44.5));
#1115 = CARTESIAN_POINT('',(37.75,-2.22044604925E-16,46.4));
#1116 = ORIENTED_EDGE('',*,*,#1117,.F.);
#1117 = EDGE_CURVE('',#1118,#1111,#1120,.T.);
#1118 = VERTEX_POINT('',#1119);
#1119 = CARTESIAN_POINT('',(3.75,2.220446087252E-16,46.4));
#1120 = LINE('',#1121,#1122);
#1121 = CARTESIAN_POINT('',(3.75,0.,46.4));
#1122 = VECTOR('',#1123,1.);
#1123 = DIRECTION('',(1.,0.,0.));
#1124 = ORIENTED_EDGE('',*,*,#1125,.F.);
#1125 = EDGE_CURVE('',#930,#1118,#1126,.T.);
#1126 = B_SPLINE_CURVE_WITH_KNOTS('',1,(#1127,#1128),.UNSPECIFIED.,.F.,
  .F.,(2,2),(0.,1.),.PIECEWISE_BEZIER_KNOTS.);
#1127 = CARTESIAN_POINT('',(3.75,1.9,44.5));
#1128 = CARTESIAN_POINT('',(3.75,2.220446087252E-16,46.4));
#1129 = PLANE('',#1130);
#1130 = AXIS2_PLACEMENT_3D('',#1131,#1132,#1133);
#1131 = CARTESIAN_POINT('',(3.75,0.,46.4));
#1132 = DIRECTION('',(0.,-0.707106781187,-0.707106781187));
#1133 = DIRECTION('',(1.,0.,0.));
#1134 = ADVANCED_FACE('',(#1135),#1158,.F.);
#1135 = FACE_BOUND('',#1136,.F.);
#1136 = EDGE_LOOP('',(#1137,#1138,#1145,#1153));
#1137 = ORIENTED_EDGE('',*,*,#958,.T.);
#1138 = ORIENTED_EDGE('',*,*,#1139,.T.);
#1139 = EDGE_CURVE('',#952,#1140,#1142,.T.);
#1140 = VERTEX_POINT('',#1141);
#1141 = CARTESIAN_POINT('',(2.22044604925E-16,3.75,46.4));
#1142 = B_SPLINE_CURVE_WITH_KNOTS('',1,(#1143,#1144),.UNSPECIFIED.,.F.,
  .F.,(2,2),(0.,1.),.PIECEWISE_BEZIER_KNOTS.);
#1143 = CARTESIAN_POINT('',(1.9,3.75,44.5));
#1144 = CARTESIAN_POINT('',(2.22044604925E-16,3.75,46.4));
#1145 = ORIENTED_EDGE('',*,*,#1146,.F.);
#1146 = EDGE_CURVE('',#1147,#1140,#1149,.T.);
#1147 = VERTEX_POINT('',#1148);
#1148 = CARTESIAN_POINT('',(-6.661338147751E-16,121.75,46.4));
#1149 = LINE('',#1150,#1151);
#1150 = CARTESIAN_POINT('',(0.,121.75,46.4));
#1151 = VECTOR('',#1152,1.);
#1152 = DIRECTION('',(0.,-1.,0.));
#1153 = ORIENTED_EDGE('',*,*,#1154,.F.);
#1154 = EDGE_CURVE('',#959,#1147,#1155,.T.);
#1155 = B_SPLINE_CURVE_WITH_KNOTS('',1,(#1156,#1157),.UNSPECIFIED.,.F.,
  .F.,(2,2),(0.,1.),.PIECEWISE_BEZIER_KNOTS.);
#1156 = CARTESIAN_POINT('',(1.9,121.75,44.5));
#1157 = CARTESIAN_POINT('',(-6.661338147751E-16,121.75,46.4));
#1158 = PLANE('',#1159);
#1159 = AXIS2_PLACEMENT_3D('',#1160,#1161,#1162);
#1160 = CARTESIAN_POINT('',(0.,121.75,46.4));
#1161 = DIRECTION('',(-0.707106781187,-0.,-0.707106781187));
#1162 = DIRECTION('',(0.,-1.,0.));
#1163 = ADVANCED_FACE('',(#1164),#1182,.F.);
#1164 = FACE_BOUND('',#1165,.F.);
#1165 = EDGE_LOOP('',(#1166,#1167,#1168,#1177));
#1166 = ORIENTED_EDGE('',*,*,#981,.T.);
#1167 = ORIENTED_EDGE('',*,*,#1154,.T.);
#1168 = ORIENTED_EDGE('',*,*,#1169,.F.);
#1169 = EDGE_CURVE('',#1170,#1147,#1172,.T.);
#1170 = VERTEX_POINT('',#1171);
#1171 = CARTESIAN_POINT('',(3.75,125.5,46.4));
#1172 = CIRCLE('',#1173,3.75);
#1173 = AXIS2_PLACEMENT_3D('',#1174,#1175,#1176);
#1174 = CARTESIAN_POINT('',(3.75,121.75,46.4));
#1175 = DIRECTION('',(0.,0.,1.));
#1176 = DIRECTION('',(-3.315866100214E-15,1.,0.));
#1177 = ORIENTED_EDGE('',*,*,#1178,.F.);
#1178 = EDGE_CURVE('',#982,#1170,#1179,.T.);
#1179 = B_SPLINE_CURVE_WITH_KNOTS('',1,(#1180,#1181),.UNSPECIFIED.,.F.,
  .F.,(2,2),(0.,1.),.PIECEWISE_BEZIER_KNOTS.);
#1180 = CARTESIAN_POINT('',(3.75,123.6,44.5));
#1181 = CARTESIAN_POINT('',(3.75,125.5,46.4));
#1182 = CONICAL_SURFACE('',#1183,1.85,0.785398163397);
#1183 = AXIS2_PLACEMENT_3D('',#1184,#1185,#1186);
#1184 = CARTESIAN_POINT('',(3.75,121.75,44.5));
#1185 = DIRECTION('',(0.,0.,1.));
#1186 = DIRECTION('',(4.560916209271E-15,1.,0.));
#1187 = ADVANCED_FACE('',(#1188),#1205,.F.);
#1188 = FACE_BOUND('',#1189,.F.);
#1189 = EDGE_LOOP('',(#1190,#1191,#1192,#1200));
#1190 = ORIENTED_EDGE('',*,*,#1005,.T.);
#1191 = ORIENTED_EDGE('',*,*,#1178,.T.);
#1192 = ORIENTED_EDGE('',*,*,#1193,.F.);
#1193 = EDGE_CURVE('',#1194,#1170,#1196,.T.);
#1194 = VERTEX_POINT('',#1195);
#1195 = CARTESIAN_POINT('',(37.75,125.5,46.4));
#1196 = LINE('',#1197,#1198);
#1197 = CARTESIAN_POINT('',(37.75,125.5,46.4));
#1198 = VECTOR('',#1199,1.);
#1199 = DIRECTION('',(-1.,0.,0.));
#1200 = ORIENTED_EDGE('',*,*,#1201,.F.);
#1201 = EDGE_CURVE('',#1006,#1194,#1202,.T.);
#1202 = B_SPLINE_CURVE_WITH_KNOTS('',1,(#1203,#1204),.UNSPECIFIED.,.F.,
  .F.,(2,2),(0.,1.),.PIECEWISE_BEZIER_KNOTS.);
#1203 = CARTESIAN_POINT('',(37.75,123.6,44.5));
#1204 = CARTESIAN_POINT('',(37.75,125.5,46.4));
#1205 = PLANE('',#1206);
#1206 = AXIS2_PLACEMENT_3D('',#1207,#1208,#1209);
#1207 = CARTESIAN_POINT('',(37.75,125.5,46.4));
#1208 = DIRECTION('',(0.,0.707106781187,-0.707106781187));
#1209 = DIRECTION('',(-1.,0.,0.));
#1210 = ADVANCED_FACE('',(#1211),#1223,.F.);
#1211 = FACE_BOUND('',#1212,.F.);
#1212 = EDGE_LOOP('',(#1213,#1214,#1215,#1222));
#1213 = ORIENTED_EDGE('',*,*,#1028,.T.);
#1214 = ORIENTED_EDGE('',*,*,#1125,.T.);
#1215 = ORIENTED_EDGE('',*,*,#1216,.F.);
#1216 = EDGE_CURVE('',#1140,#1118,#1217,.T.);
#1217 = CIRCLE('',#1218,3.75);
#1218 = AXIS2_PLACEMENT_3D('',#1219,#1220,#1221);
#1219 = CARTESIAN_POINT('',(3.75,3.75,46.4));
#1220 = DIRECTION('',(0.,0.,1.));
#1221 = DIRECTION('',(-1.,2.368475785867E-16,0.));
#1222 = ORIENTED_EDGE('',*,*,#1139,.F.);
#1223 = CONICAL_SURFACE('',#1224,1.85,0.785398163397);
#1224 = AXIS2_PLACEMENT_3D('',#1225,#1226,#1227);
#1225 = CARTESIAN_POINT('',(3.75,3.75,44.5));
#1226 = DIRECTION('',(0.,0.,1.));
#1227 = DIRECTION('',(-1.,2.400482215406E-16,0.));
#1228 = ADVANCED_FACE('',(#1229),#1247,.F.);
#1229 = FACE_BOUND('',#1230,.F.);
#1230 = EDGE_LOOP('',(#1231,#1232,#1233,#1242));
#1231 = ORIENTED_EDGE('',*,*,#1046,.T.);
#1232 = ORIENTED_EDGE('',*,*,#1201,.T.);
#1233 = ORIENTED_EDGE('',*,*,#1234,.F.);
#1234 = EDGE_CURVE('',#1235,#1194,#1237,.T.);
#1235 = VERTEX_POINT('',#1236);
#1236 = CARTESIAN_POINT('',(41.5,121.75,46.4));
#1237 = CIRCLE('',#1238,3.75);
#1238 = AXIS2_PLACEMENT_3D('',#1239,#1240,#1241);
#1239 = CARTESIAN_POINT('',(37.75,121.75,46.4));
#1240 = DIRECTION('',(0.,-0.,1.));
#1241 = DIRECTION('',(1.,3.789561257387E-15,0.));
#1242 = ORIENTED_EDGE('',*,*,#1243,.F.);
#1243 = EDGE_CURVE('',#1047,#1235,#1244,.T.);
#1244 = B_SPLINE_CURVE_WITH_KNOTS('',1,(#1245,#1246),.UNSPECIFIED.,.F.,
  .F.,(2,2),(0.,1.),.PIECEWISE_BEZIER_KNOTS.);
#1245 = CARTESIAN_POINT('',(39.6,121.75,44.5));
#1246 = CARTESIAN_POINT('',(41.5,121.75,46.4));
#1247 = CONICAL_SURFACE('',#1248,1.85,0.785398163397);
#1248 = AXIS2_PLACEMENT_3D('',#1249,#1250,#1251);
#1249 = CARTESIAN_POINT('',(37.75,121.75,44.5));
#1250 = DIRECTION('',(0.,0.,1.));
#1251 = DIRECTION('',(1.,0.,0.));
#1252 = ADVANCED_FACE('',(#1253),#1270,.F.);
#1253 = FACE_BOUND('',#1254,.F.);
#1254 = EDGE_LOOP('',(#1255,#1256,#1257,#1265));
#1255 = ORIENTED_EDGE('',*,*,#1070,.T.);
#1256 = ORIENTED_EDGE('',*,*,#1243,.T.);
#1257 = ORIENTED_EDGE('',*,*,#1258,.F.);
#1258 = EDGE_CURVE('',#1259,#1235,#1261,.T.);
#1259 = VERTEX_POINT('',#1260);
#1260 = CARTESIAN_POINT('',(41.5,3.75,46.4));
#1261 = LINE('',#1262,#1263);
#1262 = CARTESIAN_POINT('',(41.5,3.75,46.4));
#1263 = VECTOR('',#1264,1.);
#1264 = DIRECTION('',(0.,1.,0.));
#1265 = ORIENTED_EDGE('',*,*,#1266,.F.);
#1266 = EDGE_CURVE('',#1071,#1259,#1267,.T.);
#1267 = B_SPLINE_CURVE_WITH_KNOTS('',1,(#1268,#1269),.UNSPECIFIED.,.F.,
  .F.,(2,2),(0.,1.),.PIECEWISE_BEZIER_KNOTS.);
#1268 = CARTESIAN_POINT('',(39.6,3.75,44.5));
#1269 = CARTESIAN_POINT('',(41.5,3.75,46.4));
#1270 = PLANE('',#1271);
#1271 = AXIS2_PLACEMENT_3D('',#1272,#1273,#1274);
#1272 = CARTESIAN_POINT('',(41.5,3.75,46.4));
#1273 = DIRECTION('',(0.707106781187,0.,-0.707106781187));
#1274 = DIRECTION('',(0.,1.,0.));
#1275 = ADVANCED_FACE('',(#1276),#1288,.F.);
#1276 = FACE_BOUND('',#1277,.F.);
#1277 = EDGE_LOOP('',(#1278,#1279,#1280,#1287));
#1278 = ORIENTED_EDGE('',*,*,#1093,.T.);
#1279 = ORIENTED_EDGE('',*,*,#1266,.T.);
#1280 = ORIENTED_EDGE('',*,*,#1281,.F.);
#1281 = EDGE_CURVE('',#1111,#1259,#1282,.T.);
#1282 = CIRCLE('',#1283,3.75);
#1283 = AXIS2_PLACEMENT_3D('',#1284,#1285,#1286);
#1284 = CARTESIAN_POINT('',(37.75,3.75,46.4));
#1285 = DIRECTION('',(-0.,0.,1.));
#1286 = DIRECTION('',(0.,-1.,0.));
#1287 = ORIENTED_EDGE('',*,*,#1110,.F.);
#1288 = CONICAL_SURFACE('',#1289,1.85,0.785398163397);
#1289 = AXIS2_PLACEMENT_3D('',#1290,#1291,#1292);
#1290 = CARTESIAN_POINT('',(37.75,3.75,44.5));
#1291 = DIRECTION('',(0.,0.,1.));
#1292 = DIRECTION('',(0.,-1.,0.));
#1293 = ADVANCED_FACE('',(#1294),#1319,.T.);
#1294 = FACE_BOUND('',#1295,.T.);
#1295 = EDGE_LOOP('',(#1296,#1306,#1312,#1313));
#1296 = ORIENTED_EDGE('',*,*,#1297,.T.);
#1297 = EDGE_CURVE('',#1298,#1300,#1302,.T.);
#1298 = VERTEX_POINT('',#1299);
#1299 = CARTESIAN_POINT('',(3.75,2.220446087252E-16,4.75));
#1300 = VERTEX_POINT('',#1301);
#1301 = CARTESIAN_POINT('',(37.75,-2.22044604925E-16,4.75));
#1302 = LINE('',#1303,#1304);
#1303 = CARTESIAN_POINT('',(3.75,0.,4.75));
#1304 = VECTOR('',#1305,1.);
#1305 = DIRECTION('',(1.,0.,0.));
#1306 = ORIENTED_EDGE('',*,*,#1307,.T.);
#1307 = EDGE_CURVE('',#1300,#1111,#1308,.T.);
#1308 = LINE('',#1309,#1310);
#1309 = CARTESIAN_POINT('',(37.75,-2.22044604925E-16,4.75));
#1310 = VECTOR('',#1311,1.);
#1311 = DIRECTION('',(0.,0.,1.));
#1312 = ORIENTED_EDGE('',*,*,#1117,.F.);
#1313 = ORIENTED_EDGE('',*,*,#1314,.F.);
#1314 = EDGE_CURVE('',#1298,#1118,#1315,.T.);
#1315 = LINE('',#1316,#1317);
#1316 = CARTESIAN_POINT('',(3.75,2.220446087252E-16,42.));
#1317 = VECTOR('',#1318,1.);
#1318 = DIRECTION('',(0.,0.,1.));
#1319 = PLANE('',#1320);
#1320 = AXIS2_PLACEMENT_3D('',#1321,#1322,#1323);
#1321 = CARTESIAN_POINT('',(20.75,1.046103637908E-24,25.575));
#1322 = DIRECTION('',(-0.,-1.,-0.));
#1323 = DIRECTION('',(0.,0.,-1.));
#1324 = ADVANCED_FACE('',(#1325),#1382,.T.);
#1325 = FACE_BOUND('',#1326,.T.);
#1326 = EDGE_LOOP('',(#1327,#1337,#1345,#1353,#1361,#1369,#1375,#1376));
#1327 = ORIENTED_EDGE('',*,*,#1328,.T.);
#1328 = EDGE_CURVE('',#1329,#1331,#1333,.T.);
#1329 = VERTEX_POINT('',#1330);
#1330 = CARTESIAN_POINT('',(-6.661338147751E-16,121.75,4.75));
#1331 = VERTEX_POINT('',#1332);
#1332 = CARTESIAN_POINT('',(-8.881784197001E-16,87.75,4.75));
#1333 = LINE('',#1334,#1335);
#1334 = CARTESIAN_POINT('',(0.,121.75,4.75));
#1335 = VECTOR('',#1336,1.);
#1336 = DIRECTION('',(0.,-1.,0.));
#1337 = ORIENTED_EDGE('',*,*,#1338,.T.);
#1338 = EDGE_CURVE('',#1331,#1339,#1341,.T.);
#1339 = VERTEX_POINT('',#1340);
#1340 = CARTESIAN_POINT('',(-6.661338147751E-16,79.75,4.75));
#1341 = LINE('',#1342,#1343);
#1342 = CARTESIAN_POINT('',(0.,121.75,4.75));
#1343 = VECTOR('',#1344,1.);
#1344 = DIRECTION('',(0.,-1.,0.));
#1345 = ORIENTED_EDGE('',*,*,#1346,.T.);
#1346 = EDGE_CURVE('',#1339,#1347,#1349,.T.);
#1347 = VERTEX_POINT('',#1348);
#1348 = CARTESIAN_POINT('',(-2.22044604925E-16,45.75,4.75));
#1349 = LINE('',#1350,#1351);
#1350 = CARTESIAN_POINT('',(0.,79.75,4.75));
#1351 = VECTOR('',#1352,1.);
#1352 = DIRECTION('',(0.,-1.,0.));
#1353 = ORIENTED_EDGE('',*,*,#1354,.T.);
#1354 = EDGE_CURVE('',#1347,#1355,#1357,.T.);
#1355 = VERTEX_POINT('',#1356);
#1356 = CARTESIAN_POINT('',(-4.440892098501E-16,37.75,4.75));
#1357 = LINE('',#1358,#1359);
#1358 = CARTESIAN_POINT('',(0.,121.75,4.75));
#1359 = VECTOR('',#1360,1.);
#1360 = DIRECTION('',(0.,-1.,0.));
#1361 = ORIENTED_EDGE('',*,*,#1362,.T.);
#1362 = EDGE_CURVE('',#1355,#1363,#1365,.T.);
#1363 = VERTEX_POINT('',#1364);
#1364 = CARTESIAN_POINT('',(2.22044604925E-16,3.75,4.75));
#1365 = LINE('',#1366,#1367);
#1366 = CARTESIAN_POINT('',(0.,37.75,4.75));
#1367 = VECTOR('',#1368,1.);
#1368 = DIRECTION('',(0.,-1.,0.));
#1369 = ORIENTED_EDGE('',*,*,#1370,.T.);
#1370 = EDGE_CURVE('',#1363,#1140,#1371,.T.);
#1371 = LINE('',#1372,#1373);
#1372 = CARTESIAN_POINT('',(2.22044604925E-16,3.75,4.75));
#1373 = VECTOR('',#1374,1.);
#1374 = DIRECTION('',(0.,0.,1.));
#1375 = ORIENTED_EDGE('',*,*,#1146,.F.);
#1376 = ORIENTED_EDGE('',*,*,#1377,.F.);
#1377 = EDGE_CURVE('',#1329,#1147,#1378,.T.);
#1378 = LINE('',#1379,#1380);
#1379 = CARTESIAN_POINT('',(-6.661338147751E-16,121.75,42.));
#1380 = VECTOR('',#1381,1.);
#1381 = DIRECTION('',(0.,0.,1.));
#1382 = PLANE('',#1383);
#1383 = AXIS2_PLACEMENT_3D('',#1384,#1385,#1386);
#1384 = CARTESIAN_POINT('',(-5.792770307001E-17,62.75,25.575));
#1385 = DIRECTION('',(-1.,-0.,-0.));
#1386 = DIRECTION('',(0.,0.,-1.));
#1387 = ADVANCED_FACE('',(#1388),#1407,.T.);
#1388 = FACE_BOUND('',#1389,.F.);
#1389 = EDGE_LOOP('',(#1390,#1391,#1400,#1406));
#1390 = ORIENTED_EDGE('',*,*,#1377,.F.);
#1391 = ORIENTED_EDGE('',*,*,#1392,.F.);
#1392 = EDGE_CURVE('',#1393,#1329,#1395,.T.);
#1393 = VERTEX_POINT('',#1394);
#1394 = CARTESIAN_POINT('',(3.75,125.5,4.75));
#1395 = CIRCLE('',#1396,3.75);
#1396 = AXIS2_PLACEMENT_3D('',#1397,#1398,#1399);
#1397 = CARTESIAN_POINT('',(3.75,121.75,4.75));
#1398 = DIRECTION('',(0.,0.,1.));
#1399 = DIRECTION('',(-3.315866100214E-15,1.,0.));
#1400 = ORIENTED_EDGE('',*,*,#1401,.T.);
#1401 = EDGE_CURVE('',#1393,#1170,#1402,.T.);
#1402 = LINE('',#1403,#1404);
#1403 = CARTESIAN_POINT('',(3.75,125.5,4.75));
#1404 = VECTOR('',#1405,1.);
#1405 = DIRECTION('',(0.,0.,1.));
#1406 = ORIENTED_EDGE('',*,*,#1169,.T.);
#1407 = CYLINDRICAL_SURFACE('',#1408,3.75);
#1408 = AXIS2_PLACEMENT_3D('',#1409,#1410,#1411);
#1409 = CARTESIAN_POINT('',(3.75,121.75,4.75));
#1410 = DIRECTION('',(-0.,-0.,-1.));
#1411 = DIRECTION('',(-3.315866100214E-15,1.,0.));
#1412 = ADVANCED_FACE('',(#1413),#1431,.T.);
#1413 = FACE_BOUND('',#1414,.T.);
#1414 = EDGE_LOOP('',(#1415,#1423,#1424,#1425));
#1415 = ORIENTED_EDGE('',*,*,#1416,.T.);
#1416 = EDGE_CURVE('',#1417,#1393,#1419,.T.);
#1417 = VERTEX_POINT('',#1418);
#1418 = CARTESIAN_POINT('',(37.75,125.5,4.75));
#1419 = LINE('',#1420,#1421);
#1420 = CARTESIAN_POINT('',(37.75,125.5,4.75));
#1421 = VECTOR('',#1422,1.);
#1422 = DIRECTION('',(-1.,0.,0.));
#1423 = ORIENTED_EDGE('',*,*,#1401,.T.);
#1424 = ORIENTED_EDGE('',*,*,#1193,.F.);
#1425 = ORIENTED_EDGE('',*,*,#1426,.F.);
#1426 = EDGE_CURVE('',#1417,#1194,#1427,.T.);
#1427 = LINE('',#1428,#1429);
#1428 = CARTESIAN_POINT('',(37.75,125.5,42.));
#1429 = VECTOR('',#1430,1.);
#1430 = DIRECTION('',(0.,0.,1.));
#1431 = PLANE('',#1432);
#1432 = AXIS2_PLACEMENT_3D('',#1433,#1434,#1435);
#1433 = CARTESIAN_POINT('',(20.75,125.5,25.575));
#1434 = DIRECTION('',(0.,1.,0.));
#1435 = DIRECTION('',(0.,0.,1.));
#1436 = ADVANCED_FACE('',(#1437),#1449,.T.);
#1437 = FACE_BOUND('',#1438,.F.);
#1438 = EDGE_LOOP('',(#1439,#1440,#1447,#1448));
#1439 = ORIENTED_EDGE('',*,*,#1314,.F.);
#1440 = ORIENTED_EDGE('',*,*,#1441,.F.);
#1441 = EDGE_CURVE('',#1363,#1298,#1442,.T.);
#1442 = CIRCLE('',#1443,3.75);
#1443 = AXIS2_PLACEMENT_3D('',#1444,#1445,#1446);
#1444 = CARTESIAN_POINT('',(3.75,3.75,4.75));
#1445 = DIRECTION('',(0.,0.,1.));
#1446 = DIRECTION('',(-1.,2.368475785867E-16,0.));
#1447 = ORIENTED_EDGE('',*,*,#1370,.T.);
#1448 = ORIENTED_EDGE('',*,*,#1216,.T.);
#1449 = CYLINDRICAL_SURFACE('',#1450,3.75);
#1450 = AXIS2_PLACEMENT_3D('',#1451,#1452,#1453);
#1451 = CARTESIAN_POINT('',(3.75,3.75,4.75));
#1452 = DIRECTION('',(-0.,-0.,-1.));
#1453 = DIRECTION('',(-1.,2.368475785867E-16,0.));
#1454 = ADVANCED_FACE('',(#1455),#1474,.T.);
#1455 = FACE_BOUND('',#1456,.F.);
#1456 = EDGE_LOOP('',(#1457,#1458,#1467,#1473));
#1457 = ORIENTED_EDGE('',*,*,#1426,.F.);
#1458 = ORIENTED_EDGE('',*,*,#1459,.F.);
#1459 = EDGE_CURVE('',#1460,#1417,#1462,.T.);
#1460 = VERTEX_POINT('',#1461);
#1461 = CARTESIAN_POINT('',(41.5,121.75,4.75));
#1462 = CIRCLE('',#1463,3.75);
#1463 = AXIS2_PLACEMENT_3D('',#1464,#1465,#1466);
#1464 = CARTESIAN_POINT('',(37.75,121.75,4.75));
#1465 = DIRECTION('',(0.,-0.,1.));
#1466 = DIRECTION('',(1.,3.789561257387E-15,0.));
#1467 = ORIENTED_EDGE('',*,*,#1468,.T.);
#1468 = EDGE_CURVE('',#1460,#1235,#1469,.T.);
#1469 = LINE('',#1470,#1471);
#1470 = CARTESIAN_POINT('',(41.5,121.75,4.75));
#1471 = VECTOR('',#1472,1.);
#1472 = DIRECTION('',(0.,0.,1.));
#1473 = ORIENTED_EDGE('',*,*,#1234,.T.);
#1474 = CYLINDRICAL_SURFACE('',#1475,3.75);
#1475 = AXIS2_PLACEMENT_3D('',#1476,#1477,#1478);
#1476 = CARTESIAN_POINT('',(37.75,121.75,4.75));
#1477 = DIRECTION('',(-0.,-0.,-1.));
#1478 = DIRECTION('',(1.,3.789561257387E-15,0.));
#1479 = ADVANCED_FACE('',(#1480),#1530,.T.);
#1480 = FACE_BOUND('',#1481,.T.);
#1481 = EDGE_LOOP('',(#1482,#1492,#1500,#1508,#1516,#1522,#1523,#1524));
#1482 = ORIENTED_EDGE('',*,*,#1483,.T.);
#1483 = EDGE_CURVE('',#1484,#1486,#1488,.T.);
#1484 = VERTEX_POINT('',#1485);
#1485 = CARTESIAN_POINT('',(41.5,3.75,4.75));
#1486 = VERTEX_POINT('',#1487);
#1487 = CARTESIAN_POINT('',(41.5,37.75,4.75));
#1488 = LINE('',#1489,#1490);
#1489 = CARTESIAN_POINT('',(41.5,3.75,4.75));
#1490 = VECTOR('',#1491,1.);
#1491 = DIRECTION('',(0.,1.,0.));
#1492 = ORIENTED_EDGE('',*,*,#1493,.T.);
#1493 = EDGE_CURVE('',#1486,#1494,#1496,.T.);
#1494 = VERTEX_POINT('',#1495);
#1495 = CARTESIAN_POINT('',(41.5,45.75,4.75));
#1496 = LINE('',#1497,#1498);
#1497 = CARTESIAN_POINT('',(41.5,3.75,4.75));
#1498 = VECTOR('',#1499,1.);
#1499 = DIRECTION('',(0.,1.,0.));
#1500 = ORIENTED_EDGE('',*,*,#1501,.T.);
#1501 = EDGE_CURVE('',#1494,#1502,#1504,.T.);
#1502 = VERTEX_POINT('',#1503);
#1503 = CARTESIAN_POINT('',(41.5,79.75,4.75));
#1504 = LINE('',#1505,#1506);
#1505 = CARTESIAN_POINT('',(41.5,45.75,4.75));
#1506 = VECTOR('',#1507,1.);
#1507 = DIRECTION('',(0.,1.,0.));
#1508 = ORIENTED_EDGE('',*,*,#1509,.T.);
#1509 = EDGE_CURVE('',#1502,#1510,#1512,.T.);
#1510 = VERTEX_POINT('',#1511);
#1511 = CARTESIAN_POINT('',(41.5,87.75,4.75));
#1512 = LINE('',#1513,#1514);
#1513 = CARTESIAN_POINT('',(41.5,3.75,4.75));
#1514 = VECTOR('',#1515,1.);
#1515 = DIRECTION('',(0.,1.,0.));
#1516 = ORIENTED_EDGE('',*,*,#1517,.T.);
#1517 = EDGE_CURVE('',#1510,#1460,#1518,.T.);
#1518 = LINE('',#1519,#1520);
#1519 = CARTESIAN_POINT('',(41.5,87.75,4.75));
#1520 = VECTOR('',#1521,1.);
#1521 = DIRECTION('',(0.,1.,0.));
#1522 = ORIENTED_EDGE('',*,*,#1468,.T.);
#1523 = ORIENTED_EDGE('',*,*,#1258,.F.);
#1524 = ORIENTED_EDGE('',*,*,#1525,.F.);
#1525 = EDGE_CURVE('',#1484,#1259,#1526,.T.);
#1526 = LINE('',#1527,#1528);
#1527 = CARTESIAN_POINT('',(41.5,3.75,42.));
#1528 = VECTOR('',#1529,1.);
#1529 = DIRECTION('',(0.,0.,1.));
#1530 = PLANE('',#1531);
#1531 = AXIS2_PLACEMENT_3D('',#1532,#1533,#1534);
#1532 = CARTESIAN_POINT('',(41.5,62.75,25.575));
#1533 = DIRECTION('',(1.,0.,0.));
#1534 = DIRECTION('',(0.,0.,1.));
#1535 = ADVANCED_FACE('',(#1536),#1548,.T.);
#1536 = FACE_BOUND('',#1537,.F.);
#1537 = EDGE_LOOP('',(#1538,#1539,#1546,#1547));
#1538 = ORIENTED_EDGE('',*,*,#1525,.F.);
#1539 = ORIENTED_EDGE('',*,*,#1540,.F.);
#1540 = EDGE_CURVE('',#1300,#1484,#1541,.T.);
#1541 = CIRCLE('',#1542,3.75);
#1542 = AXIS2_PLACEMENT_3D('',#1543,#1544,#1545);
#1543 = CARTESIAN_POINT('',(37.75,3.75,4.75));
#1544 = DIRECTION('',(-0.,0.,1.));
#1545 = DIRECTION('',(0.,-1.,0.));
#1546 = ORIENTED_EDGE('',*,*,#1307,.T.);
#1547 = ORIENTED_EDGE('',*,*,#1281,.T.);
#1548 = CYLINDRICAL_SURFACE('',#1549,3.75);
#1549 = AXIS2_PLACEMENT_3D('',#1550,#1551,#1552);
#1550 = CARTESIAN_POINT('',(37.75,3.75,4.75));
#1551 = DIRECTION('',(-0.,-0.,-1.));
#1552 = DIRECTION('',(0.,-1.,0.));
#1553 = ADVANCED_FACE('',(#1554),#1577,.T.);
#1554 = FACE_BOUND('',#1555,.T.);
#1555 = EDGE_LOOP('',(#1556,#1566,#1571,#1572));
#1556 = ORIENTED_EDGE('',*,*,#1557,.T.);
#1557 = EDGE_CURVE('',#1558,#1560,#1562,.T.);
#1558 = VERTEX_POINT('',#1559);
#1559 = CARTESIAN_POINT('',(3.75,2.15,2.6));
#1560 = VERTEX_POINT('',#1561);
#1561 = CARTESIAN_POINT('',(37.75,2.15,2.6));
#1562 = LINE('',#1563,#1564);
#1563 = CARTESIAN_POINT('',(3.75,2.15,2.6));
#1564 = VECTOR('',#1565,1.);
#1565 = DIRECTION('',(1.,0.,0.));
#1566 = ORIENTED_EDGE('',*,*,#1567,.T.);
#1567 = EDGE_CURVE('',#1560,#1300,#1568,.T.);
#1568 = B_SPLINE_CURVE_WITH_KNOTS('',1,(#1569,#1570),.UNSPECIFIED.,.F.,
  .F.,(2,2),(0.,1.),.PIECEWISE_BEZIER_KNOTS.);
#1569 = CARTESIAN_POINT('',(37.75,2.15,2.6));
#1570 = CARTESIAN_POINT('',(37.75,-2.22044604925E-16,4.75));
#1571 = ORIENTED_EDGE('',*,*,#1297,.F.);
#1572 = ORIENTED_EDGE('',*,*,#1573,.F.);
#1573 = EDGE_CURVE('',#1558,#1298,#1574,.T.);
#1574 = B_SPLINE_CURVE_WITH_KNOTS('',1,(#1575,#1576),.UNSPECIFIED.,.F.,
  .F.,(2,2),(0.,1.),.PIECEWISE_BEZIER_KNOTS.);
#1575 = CARTESIAN_POINT('',(3.75,2.15,2.6));
#1576 = CARTESIAN_POINT('',(3.75,2.220446087252E-16,4.75));
#1577 = PLANE('',#1578);
#1578 = AXIS2_PLACEMENT_3D('',#1579,#1580,#1581);
#1579 = CARTESIAN_POINT('',(3.75,0.,4.75));
#1580 = DIRECTION('',(0.,-0.707106781187,-0.707106781187));
#1581 = DIRECTION('',(1.,0.,0.));
#1582 = ADVANCED_FACE('',(#1583),#1606,.T.);
#1583 = FACE_BOUND('',#1584,.T.);
#1584 = EDGE_LOOP('',(#1585,#1595,#1600,#1601));
#1585 = ORIENTED_EDGE('',*,*,#1586,.T.);
#1586 = EDGE_CURVE('',#1587,#1589,#1591,.T.);
#1587 = VERTEX_POINT('',#1588);
#1588 = CARTESIAN_POINT('',(2.15,121.75,2.6));
#1589 = VERTEX_POINT('',#1590);
#1590 = CARTESIAN_POINT('',(2.15,87.75,2.6));
#1591 = LINE('',#1592,#1593);
#1592 = CARTESIAN_POINT('',(2.15,121.75,2.6));
#1593 = VECTOR('',#1594,1.);
#1594 = DIRECTION('',(0.,-1.,0.));
#1595 = ORIENTED_EDGE('',*,*,#1596,.T.);
#1596 = EDGE_CURVE('',#1589,#1331,#1597,.T.);
#1597 = B_SPLINE_CURVE_WITH_KNOTS('',1,(#1598,#1599),.UNSPECIFIED.,.F.,
  .F.,(2,2),(0.,1.),.PIECEWISE_BEZIER_KNOTS.);
#1598 = CARTESIAN_POINT('',(2.15,87.75,2.6));
#1599 = CARTESIAN_POINT('',(-8.881784197001E-16,87.75,4.75));
#1600 = ORIENTED_EDGE('',*,*,#1328,.F.);
#1601 = ORIENTED_EDGE('',*,*,#1602,.F.);
#1602 = EDGE_CURVE('',#1587,#1329,#1603,.T.);
#1603 = B_SPLINE_CURVE_WITH_KNOTS('',1,(#1604,#1605),.UNSPECIFIED.,.F.,
  .F.,(2,2),(0.,1.),.PIECEWISE_BEZIER_KNOTS.);
#1604 = CARTESIAN_POINT('',(2.15,121.75,2.6));
#1605 = CARTESIAN_POINT('',(-6.661338147751E-16,121.75,4.75));
#1606 = PLANE('',#1607);
#1607 = AXIS2_PLACEMENT_3D('',#1608,#1609,#1610);
#1608 = CARTESIAN_POINT('',(0.,121.75,4.75));
#1609 = DIRECTION('',(-0.707106781187,-0.,-0.707106781187));
#1610 = DIRECTION('',(0.,-1.,0.));
#1611 = ADVANCED_FACE('',(#1612),#1664,.F.);
#1612 = FACE_BOUND('',#1613,.F.);
#1613 = EDGE_LOOP('',(#1614,#1615,#1624,#1632,#1639,#1640,#1649,#1657));
#1614 = ORIENTED_EDGE('',*,*,#1338,.T.);
#1615 = ORIENTED_EDGE('',*,*,#1616,.F.);
#1616 = EDGE_CURVE('',#1617,#1339,#1619,.T.);
#1617 = VERTEX_POINT('',#1618);
#1618 = CARTESIAN_POINT('',(3.75,83.5,4.75));
#1619 = CIRCLE('',#1620,3.75);
#1620 = AXIS2_PLACEMENT_3D('',#1621,#1622,#1623);
#1621 = CARTESIAN_POINT('',(3.75,79.75,4.75));
#1622 = DIRECTION('',(0.,0.,1.));
#1623 = DIRECTION('',(-3.315866100214E-15,1.,0.));
#1624 = ORIENTED_EDGE('',*,*,#1625,.F.);
#1625 = EDGE_CURVE('',#1626,#1617,#1628,.T.);
#1626 = VERTEX_POINT('',#1627);
#1627 = CARTESIAN_POINT('',(37.75,83.5,4.75));
#1628 = LINE('',#1629,#1630);
#1629 = CARTESIAN_POINT('',(37.75,83.5,4.75));
#1630 = VECTOR('',#1631,1.);
#1631 = DIRECTION('',(-1.,0.,0.));
#1632 = ORIENTED_EDGE('',*,*,#1633,.F.);
#1633 = EDGE_CURVE('',#1502,#1626,#1634,.T.);
#1634 = CIRCLE('',#1635,3.75);
#1635 = AXIS2_PLACEMENT_3D('',#1636,#1637,#1638);
#1636 = CARTESIAN_POINT('',(37.75,79.75,4.75));
#1637 = DIRECTION('',(0.,-0.,1.));
#1638 = DIRECTION('',(1.,3.789561257387E-15,0.));
#1639 = ORIENTED_EDGE('',*,*,#1509,.T.);
#1640 = ORIENTED_EDGE('',*,*,#1641,.F.);
#1641 = EDGE_CURVE('',#1642,#1510,#1644,.T.);
#1642 = VERTEX_POINT('',#1643);
#1643 = CARTESIAN_POINT('',(37.75,84.,4.75));
#1644 = CIRCLE('',#1645,3.75);
#1645 = AXIS2_PLACEMENT_3D('',#1646,#1647,#1648);
#1646 = CARTESIAN_POINT('',(37.75,87.75,4.75));
#1647 = DIRECTION('',(-0.,0.,1.));
#1648 = DIRECTION('',(3.789561257387E-15,-1.,0.));
#1649 = ORIENTED_EDGE('',*,*,#1650,.F.);
#1650 = EDGE_CURVE('',#1651,#1642,#1653,.T.);
#1651 = VERTEX_POINT('',#1652);
#1652 = CARTESIAN_POINT('',(3.75,84.,4.75));
#1653 = LINE('',#1654,#1655);
#1654 = CARTESIAN_POINT('',(3.75,84.,4.75));
#1655 = VECTOR('',#1656,1.);
#1656 = DIRECTION('',(1.,0.,0.));
#1657 = ORIENTED_EDGE('',*,*,#1658,.F.);
#1658 = EDGE_CURVE('',#1331,#1651,#1659,.T.);
#1659 = CIRCLE('',#1660,3.75);
#1660 = AXIS2_PLACEMENT_3D('',#1661,#1662,#1663);
#1661 = CARTESIAN_POINT('',(3.75,87.75,4.75));
#1662 = DIRECTION('',(0.,0.,1.));
#1663 = DIRECTION('',(-1.,-3.789561257387E-15,0.));
#1664 = PLANE('',#1665);
#1665 = AXIS2_PLACEMENT_3D('',#1666,#1667,#1668);
#1666 = CARTESIAN_POINT('',(20.75,62.75,4.75));
#1667 = DIRECTION('',(0.,0.,1.));
#1668 = DIRECTION('',(1.,0.,0.));
#1669 = ADVANCED_FACE('',(#1670),#1693,.T.);
#1670 = FACE_BOUND('',#1671,.T.);
#1671 = EDGE_LOOP('',(#1672,#1682,#1687,#1688));
#1672 = ORIENTED_EDGE('',*,*,#1673,.T.);
#1673 = EDGE_CURVE('',#1674,#1676,#1678,.T.);
#1674 = VERTEX_POINT('',#1675);
#1675 = CARTESIAN_POINT('',(2.15,79.75,2.6));
#1676 = VERTEX_POINT('',#1677);
#1677 = CARTESIAN_POINT('',(2.15,45.75,2.6));
#1678 = LINE('',#1679,#1680);
#1679 = CARTESIAN_POINT('',(2.15,79.75,2.6));
#1680 = VECTOR('',#1681,1.);
#1681 = DIRECTION('',(0.,-1.,0.));
#1682 = ORIENTED_EDGE('',*,*,#1683,.T.);
#1683 = EDGE_CURVE('',#1676,#1347,#1684,.T.);
#1684 = B_SPLINE_CURVE_WITH_KNOTS('',1,(#1685,#1686),.UNSPECIFIED.,.F.,
  .F.,(2,2),(0.,1.),.PIECEWISE_BEZIER_KNOTS.);
#1685 = CARTESIAN_POINT('',(2.15,45.75,2.6));
#1686 = CARTESIAN_POINT('',(-2.22044604925E-16,45.75,4.75));
#1687 = ORIENTED_EDGE('',*,*,#1346,.F.);
#1688 = ORIENTED_EDGE('',*,*,#1689,.F.);
#1689 = EDGE_CURVE('',#1674,#1339,#1690,.T.);
#1690 = B_SPLINE_CURVE_WITH_KNOTS('',1,(#1691,#1692),.UNSPECIFIED.,.F.,
  .F.,(2,2),(0.,1.),.PIECEWISE_BEZIER_KNOTS.);
#1691 = CARTESIAN_POINT('',(2.15,79.75,2.6));
#1692 = CARTESIAN_POINT('',(-6.661338147751E-16,79.75,4.75));
#1693 = PLANE('',#1694);
#1694 = AXIS2_PLACEMENT_3D('',#1695,#1696,#1697);
#1695 = CARTESIAN_POINT('',(0.,79.75,4.75));
#1696 = DIRECTION('',(-0.707106781187,-0.,-0.707106781187));
#1697 = DIRECTION('',(0.,-1.,0.));
#1698 = ADVANCED_FACE('',(#1699),#1751,.F.);
#1699 = FACE_BOUND('',#1700,.F.);
#1700 = EDGE_LOOP('',(#1701,#1702,#1711,#1719,#1726,#1727,#1736,#1744));
#1701 = ORIENTED_EDGE('',*,*,#1354,.T.);
#1702 = ORIENTED_EDGE('',*,*,#1703,.F.);
#1703 = EDGE_CURVE('',#1704,#1355,#1706,.T.);
#1704 = VERTEX_POINT('',#1705);
#1705 = CARTESIAN_POINT('',(3.75,41.5,4.75));
#1706 = CIRCLE('',#1707,3.75);
#1707 = AXIS2_PLACEMENT_3D('',#1708,#1709,#1710);
#1708 = CARTESIAN_POINT('',(3.75,37.75,4.75));
#1709 = DIRECTION('',(0.,-0.,1.));
#1710 = DIRECTION('',(2.368475785867E-16,1.,0.));
#1711 = ORIENTED_EDGE('',*,*,#1712,.F.);
#1712 = EDGE_CURVE('',#1713,#1704,#1715,.T.);
#1713 = VERTEX_POINT('',#1714);
#1714 = CARTESIAN_POINT('',(37.75,41.5,4.75));
#1715 = LINE('',#1716,#1717);
#1716 = CARTESIAN_POINT('',(37.75,41.5,4.75));
#1717 = VECTOR('',#1718,1.);
#1718 = DIRECTION('',(-1.,0.,0.));
#1719 = ORIENTED_EDGE('',*,*,#1720,.F.);
#1720 = EDGE_CURVE('',#1486,#1713,#1721,.T.);
#1721 = CIRCLE('',#1722,3.75);
#1722 = AXIS2_PLACEMENT_3D('',#1723,#1724,#1725);
#1723 = CARTESIAN_POINT('',(37.75,37.75,4.75));
#1724 = DIRECTION('',(0.,0.,1.));
#1725 = DIRECTION('',(1.,0.,0.));
#1726 = ORIENTED_EDGE('',*,*,#1493,.T.);
#1727 = ORIENTED_EDGE('',*,*,#1728,.F.);
#1728 = EDGE_CURVE('',#1729,#1494,#1731,.T.);
#1729 = VERTEX_POINT('',#1730);
#1730 = CARTESIAN_POINT('',(37.75,42.,4.75));
#1731 = CIRCLE('',#1732,3.75);
#1732 = AXIS2_PLACEMENT_3D('',#1733,#1734,#1735);
#1733 = CARTESIAN_POINT('',(37.75,45.75,4.75));
#1734 = DIRECTION('',(-0.,0.,1.));
#1735 = DIRECTION('',(0.,-1.,0.));
#1736 = ORIENTED_EDGE('',*,*,#1737,.F.);
#1737 = EDGE_CURVE('',#1738,#1729,#1740,.T.);
#1738 = VERTEX_POINT('',#1739);
#1739 = CARTESIAN_POINT('',(3.75,42.,4.75));
#1740 = LINE('',#1741,#1742);
#1741 = CARTESIAN_POINT('',(3.75,42.,4.75));
#1742 = VECTOR('',#1743,1.);
#1743 = DIRECTION('',(1.,0.,0.));
#1744 = ORIENTED_EDGE('',*,*,#1745,.F.);
#1745 = EDGE_CURVE('',#1347,#1738,#1746,.T.);
#1746 = CIRCLE('',#1747,3.75);
#1747 = AXIS2_PLACEMENT_3D('',#1748,#1749,#1750);
#1748 = CARTESIAN_POINT('',(3.75,45.75,4.75));
#1749 = DIRECTION('',(0.,0.,1.));
#1750 = DIRECTION('',(-1.,0.,0.));
#1751 = PLANE('',#1752);
#1752 = AXIS2_PLACEMENT_3D('',#1753,#1754,#1755);
#1753 = CARTESIAN_POINT('',(20.75,62.75,4.75));
#1754 = DIRECTION('',(0.,0.,1.));
#1755 = DIRECTION('',(1.,0.,0.));
#1756 = ADVANCED_FACE('',(#1757),#1780,.T.);
#1757 = FACE_BOUND('',#1758,.T.);
#1758 = EDGE_LOOP('',(#1759,#1769,#1774,#1775));
#1759 = ORIENTED_EDGE('',*,*,#1760,.T.);
#1760 = EDGE_CURVE('',#1761,#1763,#1765,.T.);
#1761 = VERTEX_POINT('',#1762);
#1762 = CARTESIAN_POINT('',(2.15,37.75,2.6));
#1763 = VERTEX_POINT('',#1764);
#1764 = CARTESIAN_POINT('',(2.15,3.75,2.6));
#1765 = LINE('',#1766,#1767);
#1766 = CARTESIAN_POINT('',(2.15,37.75,2.6));
#1767 = VECTOR('',#1768,1.);
#1768 = DIRECTION('',(0.,-1.,0.));
#1769 = ORIENTED_EDGE('',*,*,#1770,.T.);
#1770 = EDGE_CURVE('',#1763,#1363,#1771,.T.);
#1771 = B_SPLINE_CURVE_WITH_KNOTS('',1,(#1772,#1773),.UNSPECIFIED.,.F.,
  .F.,(2,2),(0.,1.),.PIECEWISE_BEZIER_KNOTS.);
#1772 = CARTESIAN_POINT('',(2.15,3.75,2.6));
#1773 = CARTESIAN_POINT('',(2.22044604925E-16,3.75,4.75));
#1774 = ORIENTED_EDGE('',*,*,#1362,.F.);
#1775 = ORIENTED_EDGE('',*,*,#1776,.F.);
#1776 = EDGE_CURVE('',#1761,#1355,#1777,.T.);
#1777 = B_SPLINE_CURVE_WITH_KNOTS('',1,(#1778,#1779),.UNSPECIFIED.,.F.,
  .F.,(2,2),(0.,1.),.PIECEWISE_BEZIER_KNOTS.);
#1778 = CARTESIAN_POINT('',(2.15,37.75,2.6));
#1779 = CARTESIAN_POINT('',(-4.440892098501E-16,37.75,4.75));
#1780 = PLANE('',#1781);
#1781 = AXIS2_PLACEMENT_3D('',#1782,#1783,#1784);
#1782 = CARTESIAN_POINT('',(0.,37.75,4.75));
#1783 = DIRECTION('',(-0.707106781187,-0.,-0.707106781187));
#1784 = DIRECTION('',(0.,-1.,0.));
#1785 = ADVANCED_FACE('',(#1786),#1804,.T.);
#1786 = FACE_BOUND('',#1787,.T.);
#1787 = EDGE_LOOP('',(#1788,#1797,#1798,#1799));
#1788 = ORIENTED_EDGE('',*,*,#1789,.T.);
#1789 = EDGE_CURVE('',#1790,#1587,#1792,.T.);
#1790 = VERTEX_POINT('',#1791);
#1791 = CARTESIAN_POINT('',(3.75,123.35,2.6));
#1792 = CIRCLE('',#1793,1.6);
#1793 = AXIS2_PLACEMENT_3D('',#1794,#1795,#1796);
#1794 = CARTESIAN_POINT('',(3.75,121.75,2.6));
#1795 = DIRECTION('',(0.,-0.,1.));
#1796 = DIRECTION('',(3.608224830032E-15,1.,0.));
#1797 = ORIENTED_EDGE('',*,*,#1602,.T.);
#1798 = ORIENTED_EDGE('',*,*,#1392,.F.);
#1799 = ORIENTED_EDGE('',*,*,#1800,.F.);
#1800 = EDGE_CURVE('',#1790,#1393,#1801,.T.);
#1801 = B_SPLINE_CURVE_WITH_KNOTS('',1,(#1802,#1803),.UNSPECIFIED.,.F.,
  .F.,(2,2),(0.,1.),.PIECEWISE_BEZIER_KNOTS.);
#1802 = CARTESIAN_POINT('',(3.75,123.35,2.6));
#1803 = CARTESIAN_POINT('',(3.75,125.5,4.75));
#1804 = CONICAL_SURFACE('',#1805,1.6,0.785398163397);
#1805 = AXIS2_PLACEMENT_3D('',#1806,#1807,#1808);
#1806 = CARTESIAN_POINT('',(3.75,121.75,2.6));
#1807 = DIRECTION('',(0.,0.,1.));
#1808 = DIRECTION('',(3.608224830032E-15,1.,0.));
#1809 = ADVANCED_FACE('',(#1810),#1827,.T.);
#1810 = FACE_BOUND('',#1811,.T.);
#1811 = EDGE_LOOP('',(#1812,#1820,#1821,#1822));
#1812 = ORIENTED_EDGE('',*,*,#1813,.T.);
#1813 = EDGE_CURVE('',#1814,#1790,#1816,.T.);
#1814 = VERTEX_POINT('',#1815);
#1815 = CARTESIAN_POINT('',(37.75,123.35,2.6));
#1816 = LINE('',#1817,#1818);
#1817 = CARTESIAN_POINT('',(37.75,123.35,2.6));
#1818 = VECTOR('',#1819,1.);
#1819 = DIRECTION('',(-1.,0.,0.));
#1820 = ORIENTED_EDGE('',*,*,#1800,.T.);
#1821 = ORIENTED_EDGE('',*,*,#1416,.F.);
#1822 = ORIENTED_EDGE('',*,*,#1823,.F.);
#1823 = EDGE_CURVE('',#1814,#1417,#1824,.T.);
#1824 = B_SPLINE_CURVE_WITH_KNOTS('',1,(#1825,#1826),.UNSPECIFIED.,.F.,
  .F.,(2,2),(0.,1.),.PIECEWISE_BEZIER_KNOTS.);
#1825 = CARTESIAN_POINT('',(37.75,123.35,2.6));
#1826 = CARTESIAN_POINT('',(37.75,125.5,4.75));
#1827 = PLANE('',#1828);
#1828 = AXIS2_PLACEMENT_3D('',#1829,#1830,#1831);
#1829 = CARTESIAN_POINT('',(37.75,125.5,4.75));
#1830 = DIRECTION('',(0.,0.707106781187,-0.707106781187));
#1831 = DIRECTION('',(-1.,0.,0.));
#1832 = ADVANCED_FACE('',(#1833),#1845,.T.);
#1833 = FACE_BOUND('',#1834,.T.);
#1834 = EDGE_LOOP('',(#1835,#1842,#1843,#1844));
#1835 = ORIENTED_EDGE('',*,*,#1836,.T.);
#1836 = EDGE_CURVE('',#1763,#1558,#1837,.T.);
#1837 = CIRCLE('',#1838,1.6);
#1838 = AXIS2_PLACEMENT_3D('',#1839,#1840,#1841);
#1839 = CARTESIAN_POINT('',(3.75,3.75,2.6));
#1840 = DIRECTION('',(0.,0.,1.));
#1841 = DIRECTION('',(-1.,0.,0.));
#1842 = ORIENTED_EDGE('',*,*,#1573,.T.);
#1843 = ORIENTED_EDGE('',*,*,#1441,.F.);
#1844 = ORIENTED_EDGE('',*,*,#1770,.F.);
#1845 = CONICAL_SURFACE('',#1846,1.6,0.785398163397);
#1846 = AXIS2_PLACEMENT_3D('',#1847,#1848,#1849);
#1847 = CARTESIAN_POINT('',(3.75,3.75,2.6));
#1848 = DIRECTION('',(0.,0.,1.));
#1849 = DIRECTION('',(-1.,0.,0.));
#1850 = ADVANCED_FACE('',(#1851),#1869,.T.);
#1851 = FACE_BOUND('',#1852,.T.);
#1852 = EDGE_LOOP('',(#1853,#1862,#1863,#1864));
#1853 = ORIENTED_EDGE('',*,*,#1854,.T.);
#1854 = EDGE_CURVE('',#1855,#1814,#1857,.T.);
#1855 = VERTEX_POINT('',#1856);
#1856 = CARTESIAN_POINT('',(39.35,121.75,2.6));
#1857 = CIRCLE('',#1858,1.6);
#1858 = AXIS2_PLACEMENT_3D('',#1859,#1860,#1861);
#1859 = CARTESIAN_POINT('',(37.75,121.75,2.6));
#1860 = DIRECTION('',(0.,0.,1.));
#1861 = DIRECTION('',(1.,0.,0.));
#1862 = ORIENTED_EDGE('',*,*,#1823,.T.);
#1863 = ORIENTED_EDGE('',*,*,#1459,.F.);
#1864 = ORIENTED_EDGE('',*,*,#1865,.F.);
#1865 = EDGE_CURVE('',#1855,#1460,#1866,.T.);
#1866 = B_SPLINE_CURVE_WITH_KNOTS('',1,(#1867,#1868),.UNSPECIFIED.,.F.,
  .F.,(2,2),(0.,1.),.PIECEWISE_BEZIER_KNOTS.);
#1867 = CARTESIAN_POINT('',(39.35,121.75,2.6));
#1868 = CARTESIAN_POINT('',(41.5,121.75,4.75));
#1869 = CONICAL_SURFACE('',#1870,1.6,0.785398163397);
#1870 = AXIS2_PLACEMENT_3D('',#1871,#1872,#1873);
#1871 = CARTESIAN_POINT('',(37.75,121.75,2.6));
#1872 = DIRECTION('',(0.,0.,1.));
#1873 = DIRECTION('',(1.,0.,0.));
#1874 = ADVANCED_FACE('',(#1875),#1898,.T.);
#1875 = FACE_BOUND('',#1876,.T.);
#1876 = EDGE_LOOP('',(#1877,#1887,#1892,#1893));
#1877 = ORIENTED_EDGE('',*,*,#1878,.T.);
#1878 = EDGE_CURVE('',#1879,#1881,#1883,.T.);
#1879 = VERTEX_POINT('',#1880);
#1880 = CARTESIAN_POINT('',(39.35,3.75,2.6));
#1881 = VERTEX_POINT('',#1882);
#1882 = CARTESIAN_POINT('',(39.35,37.75,2.6));
#1883 = LINE('',#1884,#1885);
#1884 = CARTESIAN_POINT('',(39.35,3.75,2.6));
#1885 = VECTOR('',#1886,1.);
#1886 = DIRECTION('',(0.,1.,0.));
#1887 = ORIENTED_EDGE('',*,*,#1888,.T.);
#1888 = EDGE_CURVE('',#1881,#1486,#1889,.T.);
#1889 = B_SPLINE_CURVE_WITH_KNOTS('',1,(#1890,#1891),.UNSPECIFIED.,.F.,
  .F.,(2,2),(0.,1.),.PIECEWISE_BEZIER_KNOTS.);
#1890 = CARTESIAN_POINT('',(39.35,37.75,2.6));
#1891 = CARTESIAN_POINT('',(41.5,37.75,4.75));
#1892 = ORIENTED_EDGE('',*,*,#1483,.F.);
#1893 = ORIENTED_EDGE('',*,*,#1894,.F.);
#1894 = EDGE_CURVE('',#1879,#1484,#1895,.T.);
#1895 = B_SPLINE_CURVE_WITH_KNOTS('',1,(#1896,#1897),.UNSPECIFIED.,.F.,
  .F.,(2,2),(0.,1.),.PIECEWISE_BEZIER_KNOTS.);
#1896 = CARTESIAN_POINT('',(39.35,3.75,2.6));
#1897 = CARTESIAN_POINT('',(41.5,3.75,4.75));
#1898 = PLANE('',#1899);
#1899 = AXIS2_PLACEMENT_3D('',#1900,#1901,#1902);
#1900 = CARTESIAN_POINT('',(41.5,3.75,4.75));
#1901 = DIRECTION('',(0.707106781187,0.,-0.707106781187));
#1902 = DIRECTION('',(0.,1.,0.));
#1903 = ADVANCED_FACE('',(#1904),#1927,.T.);
#1904 = FACE_BOUND('',#1905,.T.);
#1905 = EDGE_LOOP('',(#1906,#1916,#1921,#1922));
#1906 = ORIENTED_EDGE('',*,*,#1907,.T.);
#1907 = EDGE_CURVE('',#1908,#1910,#1912,.T.);
#1908 = VERTEX_POINT('',#1909);
#1909 = CARTESIAN_POINT('',(39.35,45.75,2.6));
#1910 = VERTEX_POINT('',#1911);
#1911 = CARTESIAN_POINT('',(39.35,79.75,2.6));
#1912 = LINE('',#1913,#1914);
#1913 = CARTESIAN_POINT('',(39.35,45.75,2.6));
#1914 = VECTOR('',#1915,1.);
#1915 = DIRECTION('',(0.,1.,0.));
#1916 = ORIENTED_EDGE('',*,*,#1917,.T.);
#1917 = EDGE_CURVE('',#1910,#1502,#1918,.T.);
#1918 = B_SPLINE_CURVE_WITH_KNOTS('',1,(#1919,#1920),.UNSPECIFIED.,.F.,
  .F.,(2,2),(0.,1.),.PIECEWISE_BEZIER_KNOTS.);
#1919 = CARTESIAN_POINT('',(39.35,79.75,2.6));
#1920 = CARTESIAN_POINT('',(41.5,79.75,4.75));
#1921 = ORIENTED_EDGE('',*,*,#1501,.F.);
#1922 = ORIENTED_EDGE('',*,*,#1923,.F.);
#1923 = EDGE_CURVE('',#1908,#1494,#1924,.T.);
#1924 = B_SPLINE_CURVE_WITH_KNOTS('',1,(#1925,#1926),.UNSPECIFIED.,.F.,
  .F.,(2,2),(0.,1.),.PIECEWISE_BEZIER_KNOTS.);
#1925 = CARTESIAN_POINT('',(39.35,45.75,2.6));
#1926 = CARTESIAN_POINT('',(41.5,45.75,4.75));
#1927 = PLANE('',#1928);
#1928 = AXIS2_PLACEMENT_3D('',#1929,#1930,#1931);
#1929 = CARTESIAN_POINT('',(41.5,45.75,4.75));
#1930 = DIRECTION('',(0.707106781187,0.,-0.707106781187));
#1931 = DIRECTION('',(0.,1.,0.));
#1932 = ADVANCED_FACE('',(#1933),#1950,.T.);
#1933 = FACE_BOUND('',#1934,.T.);
#1934 = EDGE_LOOP('',(#1935,#1943,#1944,#1945));
#1935 = ORIENTED_EDGE('',*,*,#1936,.T.);
#1936 = EDGE_CURVE('',#1937,#1855,#1939,.T.);
#1937 = VERTEX_POINT('',#1938);
#1938 = CARTESIAN_POINT('',(39.35,87.75,2.6));
#1939 = LINE('',#1940,#1941);
#1940 = CARTESIAN_POINT('',(39.35,87.75,2.6));
#1941 = VECTOR('',#1942,1.);
#1942 = DIRECTION('',(0.,1.,0.));
#1943 = ORIENTED_EDGE('',*,*,#1865,.T.);
#1944 = ORIENTED_EDGE('',*,*,#1517,.F.);
#1945 = ORIENTED_EDGE('',*,*,#1946,.F.);
#1946 = EDGE_CURVE('',#1937,#1510,#1947,.T.);
#1947 = B_SPLINE_CURVE_WITH_KNOTS('',1,(#1948,#1949),.UNSPECIFIED.,.F.,
  .F.,(2,2),(0.,1.),.PIECEWISE_BEZIER_KNOTS.);
#1948 = CARTESIAN_POINT('',(39.35,87.75,2.6));
#1949 = CARTESIAN_POINT('',(41.5,87.75,4.75));
#1950 = PLANE('',#1951);
#1951 = AXIS2_PLACEMENT_3D('',#1952,#1953,#1954);
#1952 = CARTESIAN_POINT('',(41.5,87.75,4.75));
#1953 = DIRECTION('',(0.707106781187,0.,-0.707106781187));
#1954 = DIRECTION('',(0.,1.,0.));
#1955 = ADVANCED_FACE('',(#1956),#1968,.T.);
#1956 = FACE_BOUND('',#1957,.T.);
#1957 = EDGE_LOOP('',(#1958,#1965,#1966,#1967));
#1958 = ORIENTED_EDGE('',*,*,#1959,.T.);
#1959 = EDGE_CURVE('',#1560,#1879,#1960,.T.);
#1960 = CIRCLE('',#1961,1.6);
#1961 = AXIS2_PLACEMENT_3D('',#1962,#1963,#1964);
#1962 = CARTESIAN_POINT('',(37.75,3.75,2.6));
#1963 = DIRECTION('',(-0.,0.,1.));
#1964 = DIRECTION('',(4.440892098501E-15,-1.,0.));
#1965 = ORIENTED_EDGE('',*,*,#1894,.T.);
#1966 = ORIENTED_EDGE('',*,*,#1540,.F.);
#1967 = ORIENTED_EDGE('',*,*,#1567,.F.);
#1968 = CONICAL_SURFACE('',#1969,1.6,0.785398163397);
#1969 = AXIS2_PLACEMENT_3D('',#1970,#1971,#1972);
#1970 = CARTESIAN_POINT('',(37.75,3.75,2.6));
#1971 = DIRECTION('',(0.,0.,1.));
#1972 = DIRECTION('',(4.440892098501E-15,-1.,0.));
#1973 = ADVANCED_FACE('',(#1974),#1997,.T.);
#1974 = FACE_BOUND('',#1975,.T.);
#1975 = EDGE_LOOP('',(#1976,#1986,#1991,#1992));
#1976 = ORIENTED_EDGE('',*,*,#1977,.T.);
#1977 = EDGE_CURVE('',#1978,#1980,#1982,.T.);
#1978 = VERTEX_POINT('',#1979);
#1979 = CARTESIAN_POINT('',(3.75,2.15,0.8));
#1980 = VERTEX_POINT('',#1981);
#1981 = CARTESIAN_POINT('',(37.75,2.15,0.8));
#1982 = LINE('',#1983,#1984);
#1983 = CARTESIAN_POINT('',(3.75,2.15,0.8));
#1984 = VECTOR('',#1985,1.);
#1985 = DIRECTION('',(1.,0.,0.));
#1986 = ORIENTED_EDGE('',*,*,#1987,.T.);
#1987 = EDGE_CURVE('',#1980,#1560,#1988,.T.);
#1988 = B_SPLINE_CURVE_WITH_KNOTS('',1,(#1989,#1990),.UNSPECIFIED.,.F.,
  .F.,(2,2),(0.,1.),.PIECEWISE_BEZIER_KNOTS.);
#1989 = CARTESIAN_POINT('',(37.75,2.15,0.8));
#1990 = CARTESIAN_POINT('',(37.75,2.15,2.6));
#1991 = ORIENTED_EDGE('',*,*,#1557,.F.);
#1992 = ORIENTED_EDGE('',*,*,#1993,.F.);
#1993 = EDGE_CURVE('',#1978,#1558,#1994,.T.);
#1994 = B_SPLINE_CURVE_WITH_KNOTS('',1,(#1995,#1996),.UNSPECIFIED.,.F.,
  .F.,(2,2),(0.,1.),.PIECEWISE_BEZIER_KNOTS.);
#1995 = CARTESIAN_POINT('',(3.75,2.15,0.8));
#1996 = CARTESIAN_POINT('',(3.75,2.15,2.6));
#1997 = PLANE('',#1998);
#1998 = AXIS2_PLACEMENT_3D('',#1999,#2000,#2001);
#1999 = CARTESIAN_POINT('',(3.75,2.15,2.6));
#2000 = DIRECTION('',(0.,-1.,0.));
#2001 = DIRECTION('',(1.,0.,0.));
#2002 = ADVANCED_FACE('',(#2003),#2026,.T.);
#2003 = FACE_BOUND('',#2004,.T.);
#2004 = EDGE_LOOP('',(#2005,#2015,#2020,#2021));
#2005 = ORIENTED_EDGE('',*,*,#2006,.T.);
#2006 = EDGE_CURVE('',#2007,#2009,#2011,.T.);
#2007 = VERTEX_POINT('',#2008);
#2008 = CARTESIAN_POINT('',(2.15,121.75,0.8));
#2009 = VERTEX_POINT('',#2010);
#2010 = CARTESIAN_POINT('',(2.15,87.75,0.8));
#2011 = LINE('',#2012,#2013);
#2012 = CARTESIAN_POINT('',(2.15,121.75,0.8));
#2013 = VECTOR('',#2014,1.);
#2014 = DIRECTION('',(0.,-1.,0.));
#2015 = ORIENTED_EDGE('',*,*,#2016,.T.);
#2016 = EDGE_CURVE('',#2009,#1589,#2017,.T.);
#2017 = B_SPLINE_CURVE_WITH_KNOTS('',1,(#2018,#2019),.UNSPECIFIED.,.F.,
  .F.,(2,2),(0.,1.),.PIECEWISE_BEZIER_KNOTS.);
#2018 = CARTESIAN_POINT('',(2.15,87.75,0.8));
#2019 = CARTESIAN_POINT('',(2.15,87.75,2.6));
#2020 = ORIENTED_EDGE('',*,*,#1586,.F.);
#2021 = ORIENTED_EDGE('',*,*,#2022,.F.);
#2022 = EDGE_CURVE('',#2007,#1587,#2023,.T.);
#2023 = B_SPLINE_CURVE_WITH_KNOTS('',1,(#2024,#2025),.UNSPECIFIED.,.F.,
  .F.,(2,2),(0.,1.),.PIECEWISE_BEZIER_KNOTS.);
#2024 = CARTESIAN_POINT('',(2.15,121.75,0.8));
#2025 = CARTESIAN_POINT('',(2.15,121.75,2.6));
#2026 = PLANE('',#2027);
#2027 = AXIS2_PLACEMENT_3D('',#2028,#2029,#2030);
#2028 = CARTESIAN_POINT('',(2.15,121.75,2.6));
#2029 = DIRECTION('',(-1.,0.,0.));
#2030 = DIRECTION('',(0.,-1.,0.));
#2031 = ADVANCED_FACE('',(#2032),#2050,.T.);
#2032 = FACE_BOUND('',#2033,.T.);
#2033 = EDGE_LOOP('',(#2034,#2043,#2048,#2049));
#2034 = ORIENTED_EDGE('',*,*,#2035,.T.);
#2035 = EDGE_CURVE('',#1589,#2036,#2038,.T.);
#2036 = VERTEX_POINT('',#2037);
#2037 = CARTESIAN_POINT('',(3.75,86.15,2.6));
#2038 = CIRCLE('',#2039,1.6);
#2039 = AXIS2_PLACEMENT_3D('',#2040,#2041,#2042);
#2040 = CARTESIAN_POINT('',(3.75,87.75,2.6));
#2041 = DIRECTION('',(0.,0.,1.));
#2042 = DIRECTION('',(-1.,0.,0.));
#2043 = ORIENTED_EDGE('',*,*,#2044,.T.);
#2044 = EDGE_CURVE('',#2036,#1651,#2045,.T.);
#2045 = B_SPLINE_CURVE_WITH_KNOTS('',1,(#2046,#2047),.UNSPECIFIED.,.F.,
  .F.,(2,2),(0.,1.),.PIECEWISE_BEZIER_KNOTS.);
#2046 = CARTESIAN_POINT('',(3.75,86.15,2.6));
#2047 = CARTESIAN_POINT('',(3.75,84.,4.75));
#2048 = ORIENTED_EDGE('',*,*,#1658,.F.);
#2049 = ORIENTED_EDGE('',*,*,#1596,.F.);
#2050 = CONICAL_SURFACE('',#2051,1.6,0.785398163397);
#2051 = AXIS2_PLACEMENT_3D('',#2052,#2053,#2054);
#2052 = CARTESIAN_POINT('',(3.75,87.75,2.6));
#2053 = DIRECTION('',(0.,0.,1.));
#2054 = DIRECTION('',(-1.,0.,0.));
#2055 = ADVANCED_FACE('',(#2056),#2073,.T.);
#2056 = FACE_BOUND('',#2057,.T.);
#2057 = EDGE_LOOP('',(#2058,#2066,#2071,#2072));
#2058 = ORIENTED_EDGE('',*,*,#2059,.T.);
#2059 = EDGE_CURVE('',#2036,#2060,#2062,.T.);
#2060 = VERTEX_POINT('',#2061);
#2061 = CARTESIAN_POINT('',(37.75,86.15,2.6));
#2062 = LINE('',#2063,#2064);
#2063 = CARTESIAN_POINT('',(3.75,86.15,2.6));
#2064 = VECTOR('',#2065,1.);
#2065 = DIRECTION('',(1.,0.,0.));
#2066 = ORIENTED_EDGE('',*,*,#2067,.T.);
#2067 = EDGE_CURVE('',#2060,#1642,#2068,.T.);
#2068 = B_SPLINE_CURVE_WITH_KNOTS('',1,(#2069,#2070),.UNSPECIFIED.,.F.,
  .F.,(2,2),(0.,1.),.PIECEWISE_BEZIER_KNOTS.);
#2069 = CARTESIAN_POINT('',(37.75,86.15,2.6));
#2070 = CARTESIAN_POINT('',(37.75,84.,4.75));
#2071 = ORIENTED_EDGE('',*,*,#1650,.F.);
#2072 = ORIENTED_EDGE('',*,*,#2044,.F.);
#2073 = PLANE('',#2074);
#2074 = AXIS2_PLACEMENT_3D('',#2075,#2076,#2077);
#2075 = CARTESIAN_POINT('',(3.75,84.,4.75));
#2076 = DIRECTION('',(0.,-0.707106781187,-0.707106781187));
#2077 = DIRECTION('',(1.,0.,0.));
#2078 = ADVANCED_FACE('',(#2079),#2091,.T.);
#2079 = FACE_BOUND('',#2080,.T.);
#2080 = EDGE_LOOP('',(#2081,#2088,#2089,#2090));
#2081 = ORIENTED_EDGE('',*,*,#2082,.T.);
#2082 = EDGE_CURVE('',#2060,#1937,#2083,.T.);
#2083 = CIRCLE('',#2084,1.6);
#2084 = AXIS2_PLACEMENT_3D('',#2085,#2086,#2087);
#2085 = CARTESIAN_POINT('',(37.75,87.75,2.6));
#2086 = DIRECTION('',(-0.,0.,1.));
#2087 = DIRECTION('',(0.,-1.,0.));
#2088 = ORIENTED_EDGE('',*,*,#1946,.T.);
#2089 = ORIENTED_EDGE('',*,*,#1641,.F.);
#2090 = ORIENTED_EDGE('',*,*,#2067,.F.);
#2091 = CONICAL_SURFACE('',#2092,1.6,0.785398163397);
#2092 = AXIS2_PLACEMENT_3D('',#2093,#2094,#2095);
#2093 = CARTESIAN_POINT('',(37.75,87.75,2.6));
#2094 = DIRECTION('',(0.,0.,1.));
#2095 = DIRECTION('',(0.,-1.,0.));
#2096 = ADVANCED_FACE('',(#2097),#2115,.T.);
#2097 = FACE_BOUND('',#2098,.T.);
#2098 = EDGE_LOOP('',(#2099,#2108,#2113,#2114));
#2099 = ORIENTED_EDGE('',*,*,#2100,.T.);
#2100 = EDGE_CURVE('',#1910,#2101,#2103,.T.);
#2101 = VERTEX_POINT('',#2102);
#2102 = CARTESIAN_POINT('',(37.75,81.35,2.6));
#2103 = CIRCLE('',#2104,1.6);
#2104 = AXIS2_PLACEMENT_3D('',#2105,#2106,#2107);
#2105 = CARTESIAN_POINT('',(37.75,79.75,2.6));
#2106 = DIRECTION('',(0.,0.,1.));
#2107 = DIRECTION('',(1.,0.,0.));
#2108 = ORIENTED_EDGE('',*,*,#2109,.T.);
#2109 = EDGE_CURVE('',#2101,#1626,#2110,.T.);
#2110 = B_SPLINE_CURVE_WITH_KNOTS('',1,(#2111,#2112),.UNSPECIFIED.,.F.,
  .F.,(2,2),(0.,1.),.PIECEWISE_BEZIER_KNOTS.);
#2111 = CARTESIAN_POINT('',(37.75,81.35,2.6));
#2112 = CARTESIAN_POINT('',(37.75,83.5,4.75));
#2113 = ORIENTED_EDGE('',*,*,#1633,.F.);
#2114 = ORIENTED_EDGE('',*,*,#1917,.F.);
#2115 = CONICAL_SURFACE('',#2116,1.6,0.785398163397);
#2116 = AXIS2_PLACEMENT_3D('',#2117,#2118,#2119);
#2117 = CARTESIAN_POINT('',(37.75,79.75,2.6));
#2118 = DIRECTION('',(0.,0.,1.));
#2119 = DIRECTION('',(1.,0.,0.));
#2120 = ADVANCED_FACE('',(#2121),#2138,.T.);
#2121 = FACE_BOUND('',#2122,.T.);
#2122 = EDGE_LOOP('',(#2123,#2131,#2136,#2137));
#2123 = ORIENTED_EDGE('',*,*,#2124,.T.);
#2124 = EDGE_CURVE('',#2101,#2125,#2127,.T.);
#2125 = VERTEX_POINT('',#2126);
#2126 = CARTESIAN_POINT('',(3.75,81.35,2.6));
#2127 = LINE('',#2128,#2129);
#2128 = CARTESIAN_POINT('',(37.75,81.35,2.6));
#2129 = VECTOR('',#2130,1.);
#2130 = DIRECTION('',(-1.,0.,0.));
#2131 = ORIENTED_EDGE('',*,*,#2132,.T.);
#2132 = EDGE_CURVE('',#2125,#1617,#2133,.T.);
#2133 = B_SPLINE_CURVE_WITH_KNOTS('',1,(#2134,#2135),.UNSPECIFIED.,.F.,
  .F.,(2,2),(0.,1.),.PIECEWISE_BEZIER_KNOTS.);
#2134 = CARTESIAN_POINT('',(3.75,81.35,2.6));
#2135 = CARTESIAN_POINT('',(3.75,83.5,4.75));
#2136 = ORIENTED_EDGE('',*,*,#1625,.F.);
#2137 = ORIENTED_EDGE('',*,*,#2109,.F.);
#2138 = PLANE('',#2139);
#2139 = AXIS2_PLACEMENT_3D('',#2140,#2141,#2142);
#2140 = CARTESIAN_POINT('',(37.75,83.5,4.75));
#2141 = DIRECTION('',(0.,0.707106781187,-0.707106781187));
#2142 = DIRECTION('',(-1.,0.,0.));
#2143 = ADVANCED_FACE('',(#2144),#2156,.T.);
#2144 = FACE_BOUND('',#2145,.T.);
#2145 = EDGE_LOOP('',(#2146,#2153,#2154,#2155));
#2146 = ORIENTED_EDGE('',*,*,#2147,.T.);
#2147 = EDGE_CURVE('',#2125,#1674,#2148,.T.);
#2148 = CIRCLE('',#2149,1.6);
#2149 = AXIS2_PLACEMENT_3D('',#2150,#2151,#2152);
#2150 = CARTESIAN_POINT('',(3.75,79.75,2.6));
#2151 = DIRECTION('',(0.,-0.,1.));
#2152 = DIRECTION('',(3.608224830032E-15,1.,0.));
#2153 = ORIENTED_EDGE('',*,*,#1689,.T.);
#2154 = ORIENTED_EDGE('',*,*,#1616,.F.);
#2155 = ORIENTED_EDGE('',*,*,#2132,.F.);
#2156 = CONICAL_SURFACE('',#2157,1.6,0.785398163397);
#2157 = AXIS2_PLACEMENT_3D('',#2158,#2159,#2160);
#2158 = CARTESIAN_POINT('',(3.75,79.75,2.6));
#2159 = DIRECTION('',(0.,0.,1.));
#2160 = DIRECTION('',(3.608224830032E-15,1.,0.));
#2161 = ADVANCED_FACE('',(#2162),#2185,.T.);
#2162 = FACE_BOUND('',#2163,.T.);
#2163 = EDGE_LOOP('',(#2164,#2174,#2179,#2180));
#2164 = ORIENTED_EDGE('',*,*,#2165,.T.);
#2165 = EDGE_CURVE('',#2166,#2168,#2170,.T.);
#2166 = VERTEX_POINT('',#2167);
#2167 = CARTESIAN_POINT('',(2.15,79.75,0.8));
#2168 = VERTEX_POINT('',#2169);
#2169 = CARTESIAN_POINT('',(2.15,45.75,0.8));
#2170 = LINE('',#2171,#2172);
#2171 = CARTESIAN_POINT('',(2.15,79.75,0.8));
#2172 = VECTOR('',#2173,1.);
#2173 = DIRECTION('',(0.,-1.,0.));
#2174 = ORIENTED_EDGE('',*,*,#2175,.T.);
#2175 = EDGE_CURVE('',#2168,#1676,#2176,.T.);
#2176 = B_SPLINE_CURVE_WITH_KNOTS('',1,(#2177,#2178),.UNSPECIFIED.,.F.,
  .F.,(2,2),(0.,1.),.PIECEWISE_BEZIER_KNOTS.);
#2177 = CARTESIAN_POINT('',(2.15,45.75,0.8));
#2178 = CARTESIAN_POINT('',(2.15,45.75,2.6));
#2179 = ORIENTED_EDGE('',*,*,#1673,.F.);
#2180 = ORIENTED_EDGE('',*,*,#2181,.F.);
#2181 = EDGE_CURVE('',#2166,#1674,#2182,.T.);
#2182 = B_SPLINE_CURVE_WITH_KNOTS('',1,(#2183,#2184),.UNSPECIFIED.,.F.,
  .F.,(2,2),(0.,1.),.PIECEWISE_BEZIER_KNOTS.);
#2183 = CARTESIAN_POINT('',(2.15,79.75,0.8));
#2184 = CARTESIAN_POINT('',(2.15,79.75,2.6));
#2185 = PLANE('',#2186);
#2186 = AXIS2_PLACEMENT_3D('',#2187,#2188,#2189);
#2187 = CARTESIAN_POINT('',(2.15,79.75,2.6));
#2188 = DIRECTION('',(-1.,0.,0.));
#2189 = DIRECTION('',(0.,-1.,0.));
#2190 = ADVANCED_FACE('',(#2191),#2209,.T.);
#2191 = FACE_BOUND('',#2192,.T.);
#2192 = EDGE_LOOP('',(#2193,#2202,#2207,#2208));
#2193 = ORIENTED_EDGE('',*,*,#2194,.T.);
#2194 = EDGE_CURVE('',#1676,#2195,#2197,.T.);
#2195 = VERTEX_POINT('',#2196);
#2196 = CARTESIAN_POINT('',(3.75,44.15,2.6));
#2197 = CIRCLE('',#2198,1.6);
#2198 = AXIS2_PLACEMENT_3D('',#2199,#2200,#2201);
#2199 = CARTESIAN_POINT('',(3.75,45.75,2.6));
#2200 = DIRECTION('',(0.,0.,1.));
#2201 = DIRECTION('',(-1.,-4.440892098501E-15,0.));
#2202 = ORIENTED_EDGE('',*,*,#2203,.T.);
#2203 = EDGE_CURVE('',#2195,#1738,#2204,.T.);
#2204 = B_SPLINE_CURVE_WITH_KNOTS('',1,(#2205,#2206),.UNSPECIFIED.,.F.,
  .F.,(2,2),(0.,1.),.PIECEWISE_BEZIER_KNOTS.);
#2205 = CARTESIAN_POINT('',(3.75,44.15,2.6));
#2206 = CARTESIAN_POINT('',(3.75,42.,4.75));
#2207 = ORIENTED_EDGE('',*,*,#1745,.F.);
#2208 = ORIENTED_EDGE('',*,*,#1683,.F.);
#2209 = CONICAL_SURFACE('',#2210,1.6,0.785398163397);
#2210 = AXIS2_PLACEMENT_3D('',#2211,#2212,#2213);
#2211 = CARTESIAN_POINT('',(3.75,45.75,2.6));
#2212 = DIRECTION('',(0.,0.,1.));
#2213 = DIRECTION('',(-1.,-4.440892098501E-15,0.));
#2214 = ADVANCED_FACE('',(#2215),#2232,.T.);
#2215 = FACE_BOUND('',#2216,.T.);
#2216 = EDGE_LOOP('',(#2217,#2225,#2230,#2231));
#2217 = ORIENTED_EDGE('',*,*,#2218,.T.);
#2218 = EDGE_CURVE('',#2195,#2219,#2221,.T.);
#2219 = VERTEX_POINT('',#2220);
#2220 = CARTESIAN_POINT('',(37.75,44.15,2.6));
#2221 = LINE('',#2222,#2223);
#2222 = CARTESIAN_POINT('',(3.75,44.15,2.6));
#2223 = VECTOR('',#2224,1.);
#2224 = DIRECTION('',(1.,0.,0.));
#2225 = ORIENTED_EDGE('',*,*,#2226,.T.);
#2226 = EDGE_CURVE('',#2219,#1729,#2227,.T.);
#2227 = B_SPLINE_CURVE_WITH_KNOTS('',1,(#2228,#2229),.UNSPECIFIED.,.F.,
  .F.,(2,2),(0.,1.),.PIECEWISE_BEZIER_KNOTS.);
#2228 = CARTESIAN_POINT('',(37.75,44.15,2.6));
#2229 = CARTESIAN_POINT('',(37.75,42.,4.75));
#2230 = ORIENTED_EDGE('',*,*,#1737,.F.);
#2231 = ORIENTED_EDGE('',*,*,#2203,.F.);
#2232 = PLANE('',#2233);
#2233 = AXIS2_PLACEMENT_3D('',#2234,#2235,#2236);
#2234 = CARTESIAN_POINT('',(3.75,42.,4.75));
#2235 = DIRECTION('',(0.,-0.707106781187,-0.707106781187));
#2236 = DIRECTION('',(1.,0.,0.));
#2237 = ADVANCED_FACE('',(#2238),#2250,.T.);
#2238 = FACE_BOUND('',#2239,.T.);
#2239 = EDGE_LOOP('',(#2240,#2247,#2248,#2249));
#2240 = ORIENTED_EDGE('',*,*,#2241,.T.);
#2241 = EDGE_CURVE('',#2219,#1908,#2242,.T.);
#2242 = CIRCLE('',#2243,1.6);
#2243 = AXIS2_PLACEMENT_3D('',#2244,#2245,#2246);
#2244 = CARTESIAN_POINT('',(37.75,45.75,2.6));
#2245 = DIRECTION('',(-0.,0.,1.));
#2246 = DIRECTION('',(4.440892098501E-15,-1.,0.));
#2247 = ORIENTED_EDGE('',*,*,#1923,.T.);
#2248 = ORIENTED_EDGE('',*,*,#1728,.F.);
#2249 = ORIENTED_EDGE('',*,*,#2226,.F.);
#2250 = CONICAL_SURFACE('',#2251,1.6,0.785398163397);
#2251 = AXIS2_PLACEMENT_3D('',#2252,#2253,#2254);
#2252 = CARTESIAN_POINT('',(37.75,45.75,2.6));
#2253 = DIRECTION('',(0.,0.,1.));
#2254 = DIRECTION('',(4.440892098501E-15,-1.,0.));
#2255 = ADVANCED_FACE('',(#2256),#2274,.T.);
#2256 = FACE_BOUND('',#2257,.T.);
#2257 = EDGE_LOOP('',(#2258,#2267,#2272,#2273));
#2258 = ORIENTED_EDGE('',*,*,#2259,.T.);
#2259 = EDGE_CURVE('',#1881,#2260,#2262,.T.);
#2260 = VERTEX_POINT('',#2261);
#2261 = CARTESIAN_POINT('',(37.75,39.35,2.6));
#2262 = CIRCLE('',#2263,1.6);
#2263 = AXIS2_PLACEMENT_3D('',#2264,#2265,#2266);
#2264 = CARTESIAN_POINT('',(37.75,37.75,2.6));
#2265 = DIRECTION('',(0.,-0.,1.));
#2266 = DIRECTION('',(1.,4.440892098501E-15,0.));
#2267 = ORIENTED_EDGE('',*,*,#2268,.T.);
#2268 = EDGE_CURVE('',#2260,#1713,#2269,.T.);
#2269 = B_SPLINE_CURVE_WITH_KNOTS('',1,(#2270,#2271),.UNSPECIFIED.,.F.,
  .F.,(2,2),(0.,1.),.PIECEWISE_BEZIER_KNOTS.);
#2270 = CARTESIAN_POINT('',(37.75,39.35,2.6));
#2271 = CARTESIAN_POINT('',(37.75,41.5,4.75));
#2272 = ORIENTED_EDGE('',*,*,#1720,.F.);
#2273 = ORIENTED_EDGE('',*,*,#1888,.F.);
#2274 = CONICAL_SURFACE('',#2275,1.6,0.785398163397);
#2275 = AXIS2_PLACEMENT_3D('',#2276,#2277,#2278);
#2276 = CARTESIAN_POINT('',(37.75,37.75,2.6));
#2277 = DIRECTION('',(0.,0.,1.));
#2278 = DIRECTION('',(1.,4.440892098501E-15,0.));
#2279 = ADVANCED_FACE('',(#2280),#2297,.T.);
#2280 = FACE_BOUND('',#2281,.T.);
#2281 = EDGE_LOOP('',(#2282,#2290,#2295,#2296));
#2282 = ORIENTED_EDGE('',*,*,#2283,.T.);
#2283 = EDGE_CURVE('',#2260,#2284,#2286,.T.);
#2284 = VERTEX_POINT('',#2285);
#2285 = CARTESIAN_POINT('',(3.75,39.35,2.6));
#2286 = LINE('',#2287,#2288);
#2287 = CARTESIAN_POINT('',(37.75,39.35,2.6));
#2288 = VECTOR('',#2289,1.);
#2289 = DIRECTION('',(-1.,0.,0.));
#2290 = ORIENTED_EDGE('',*,*,#2291,.T.);
#2291 = EDGE_CURVE('',#2284,#1704,#2292,.T.);
#2292 = B_SPLINE_CURVE_WITH_KNOTS('',1,(#2293,#2294),.UNSPECIFIED.,.F.,
  .F.,(2,2),(0.,1.),.PIECEWISE_BEZIER_KNOTS.);
#2293 = CARTESIAN_POINT('',(3.75,39.35,2.6));
#2294 = CARTESIAN_POINT('',(3.75,41.5,4.75));
#2295 = ORIENTED_EDGE('',*,*,#1712,.F.);
#2296 = ORIENTED_EDGE('',*,*,#2268,.F.);
#2297 = PLANE('',#2298);
#2298 = AXIS2_PLACEMENT_3D('',#2299,#2300,#2301);
#2299 = CARTESIAN_POINT('',(37.75,41.5,4.75));
#2300 = DIRECTION('',(0.,0.707106781187,-0.707106781187));
#2301 = DIRECTION('',(-1.,0.,0.));
#2302 = ADVANCED_FACE('',(#2303),#2315,.T.);
#2303 = FACE_BOUND('',#2304,.T.);
#2304 = EDGE_LOOP('',(#2305,#2312,#2313,#2314));
#2305 = ORIENTED_EDGE('',*,*,#2306,.T.);
#2306 = EDGE_CURVE('',#2284,#1761,#2307,.T.);
#2307 = CIRCLE('',#2308,1.6);
#2308 = AXIS2_PLACEMENT_3D('',#2309,#2310,#2311);
#2309 = CARTESIAN_POINT('',(3.75,37.75,2.6));
#2310 = DIRECTION('',(0.,0.,1.));
#2311 = DIRECTION('',(-3.053113317719E-15,1.,0.));
#2312 = ORIENTED_EDGE('',*,*,#1776,.T.);
#2313 = ORIENTED_EDGE('',*,*,#1703,.F.);
#2314 = ORIENTED_EDGE('',*,*,#2291,.F.);
#2315 = CONICAL_SURFACE('',#2316,1.6,0.785398163397);
#2316 = AXIS2_PLACEMENT_3D('',#2317,#2318,#2319);
#2317 = CARTESIAN_POINT('',(3.75,37.75,2.6));
#2318 = DIRECTION('',(0.,0.,1.));
#2319 = DIRECTION('',(-3.053113317719E-15,1.,0.));
#2320 = ADVANCED_FACE('',(#2321),#2344,.T.);
#2321 = FACE_BOUND('',#2322,.T.);
#2322 = EDGE_LOOP('',(#2323,#2333,#2338,#2339));
#2323 = ORIENTED_EDGE('',*,*,#2324,.T.);
#2324 = EDGE_CURVE('',#2325,#2327,#2329,.T.);
#2325 = VERTEX_POINT('',#2326);
#2326 = CARTESIAN_POINT('',(2.15,37.75,0.8));
#2327 = VERTEX_POINT('',#2328);
#2328 = CARTESIAN_POINT('',(2.15,3.75,0.8));
#2329 = LINE('',#2330,#2331);
#2330 = CARTESIAN_POINT('',(2.15,37.75,0.8));
#2331 = VECTOR('',#2332,1.);
#2332 = DIRECTION('',(0.,-1.,0.));
#2333 = ORIENTED_EDGE('',*,*,#2334,.T.);
#2334 = EDGE_CURVE('',#2327,#1763,#2335,.T.);
#2335 = B_SPLINE_CURVE_WITH_KNOTS('',1,(#2336,#2337),.UNSPECIFIED.,.F.,
  .F.,(2,2),(0.,1.),.PIECEWISE_BEZIER_KNOTS.);
#2336 = CARTESIAN_POINT('',(2.15,3.75,0.8));
#2337 = CARTESIAN_POINT('',(2.15,3.75,2.6));
#2338 = ORIENTED_EDGE('',*,*,#1760,.F.);
#2339 = ORIENTED_EDGE('',*,*,#2340,.F.);
#2340 = EDGE_CURVE('',#2325,#1761,#2341,.T.);
#2341 = B_SPLINE_CURVE_WITH_KNOTS('',1,(#2342,#2343),.UNSPECIFIED.,.F.,
  .F.,(2,2),(0.,1.),.PIECEWISE_BEZIER_KNOTS.);
#2342 = CARTESIAN_POINT('',(2.15,37.75,0.8));
#2343 = CARTESIAN_POINT('',(2.15,37.75,2.6));
#2344 = PLANE('',#2345);
#2345 = AXIS2_PLACEMENT_3D('',#2346,#2347,#2348);
#2346 = CARTESIAN_POINT('',(2.15,37.75,2.6));
#2347 = DIRECTION('',(-1.,0.,0.));
#2348 = DIRECTION('',(0.,-1.,0.));
#2349 = ADVANCED_FACE('',(#2350),#2368,.T.);
#2350 = FACE_BOUND('',#2351,.T.);
#2351 = EDGE_LOOP('',(#2352,#2361,#2362,#2363));
#2352 = ORIENTED_EDGE('',*,*,#2353,.T.);
#2353 = EDGE_CURVE('',#2354,#2007,#2356,.T.);
#2354 = VERTEX_POINT('',#2355);
#2355 = CARTESIAN_POINT('',(3.75,123.35,0.8));
#2356 = CIRCLE('',#2357,1.6);
#2357 = AXIS2_PLACEMENT_3D('',#2358,#2359,#2360);
#2358 = CARTESIAN_POINT('',(3.75,121.75,0.8));
#2359 = DIRECTION('',(0.,-0.,1.));
#2360 = DIRECTION('',(3.608224830032E-15,1.,0.));
#2361 = ORIENTED_EDGE('',*,*,#2022,.T.);
#2362 = ORIENTED_EDGE('',*,*,#1789,.F.);
#2363 = ORIENTED_EDGE('',*,*,#2364,.F.);
#2364 = EDGE_CURVE('',#2354,#1790,#2365,.T.);
#2365 = B_SPLINE_CURVE_WITH_KNOTS('',1,(#2366,#2367),.UNSPECIFIED.,.F.,
  .F.,(2,2),(0.,1.),.PIECEWISE_BEZIER_KNOTS.);
#2366 = CARTESIAN_POINT('',(3.75,123.35,0.8));
#2367 = CARTESIAN_POINT('',(3.75,123.35,2.6));
#2368 = CYLINDRICAL_SURFACE('',#2369,1.6);
#2369 = AXIS2_PLACEMENT_3D('',#2370,#2371,#2372);
#2370 = CARTESIAN_POINT('',(3.75,121.75,0.8));
#2371 = DIRECTION('',(0.,0.,1.));
#2372 = DIRECTION('',(3.608224830032E-15,1.,0.));
#2373 = ADVANCED_FACE('',(#2374),#2391,.T.);
#2374 = FACE_BOUND('',#2375,.T.);
#2375 = EDGE_LOOP('',(#2376,#2384,#2385,#2386));
#2376 = ORIENTED_EDGE('',*,*,#2377,.T.);
#2377 = EDGE_CURVE('',#2378,#2354,#2380,.T.);
#2378 = VERTEX_POINT('',#2379);
#2379 = CARTESIAN_POINT('',(37.75,123.35,0.8));
#2380 = LINE('',#2381,#2382);
#2381 = CARTESIAN_POINT('',(37.75,123.35,0.8));
#2382 = VECTOR('',#2383,1.);
#2383 = DIRECTION('',(-1.,0.,0.));
#2384 = ORIENTED_EDGE('',*,*,#2364,.T.);
#2385 = ORIENTED_EDGE('',*,*,#1813,.F.);
#2386 = ORIENTED_EDGE('',*,*,#2387,.F.);
#2387 = EDGE_CURVE('',#2378,#1814,#2388,.T.);
#2388 = B_SPLINE_CURVE_WITH_KNOTS('',1,(#2389,#2390),.UNSPECIFIED.,.F.,
  .F.,(2,2),(0.,1.),.PIECEWISE_BEZIER_KNOTS.);
#2389 = CARTESIAN_POINT('',(37.75,123.35,0.8));
#2390 = CARTESIAN_POINT('',(37.75,123.35,2.6));
#2391 = PLANE('',#2392);
#2392 = AXIS2_PLACEMENT_3D('',#2393,#2394,#2395);
#2393 = CARTESIAN_POINT('',(37.75,123.35,2.6));
#2394 = DIRECTION('',(0.,1.,0.));
#2395 = DIRECTION('',(-1.,0.,0.));
#2396 = ADVANCED_FACE('',(#2397),#2409,.T.);
#2397 = FACE_BOUND('',#2398,.T.);
#2398 = EDGE_LOOP('',(#2399,#2406,#2407,#2408));
#2399 = ORIENTED_EDGE('',*,*,#2400,.T.);
#2400 = EDGE_CURVE('',#2327,#1978,#2401,.T.);
#2401 = CIRCLE('',#2402,1.6);
#2402 = AXIS2_PLACEMENT_3D('',#2403,#2404,#2405);
#2403 = CARTESIAN_POINT('',(3.75,3.75,0.8));
#2404 = DIRECTION('',(0.,0.,1.));
#2405 = DIRECTION('',(-1.,0.,0.));
#2406 = ORIENTED_EDGE('',*,*,#1993,.T.);
#2407 = ORIENTED_EDGE('',*,*,#1836,.F.);
#2408 = ORIENTED_EDGE('',*,*,#2334,.F.);
#2409 = CYLINDRICAL_SURFACE('',#2410,1.6);
#2410 = AXIS2_PLACEMENT_3D('',#2411,#2412,#2413);
#2411 = CARTESIAN_POINT('',(3.75,3.75,0.8));
#2412 = DIRECTION('',(0.,0.,1.));
#2413 = DIRECTION('',(-1.,0.,0.));
#2414 = ADVANCED_FACE('',(#2415),#2433,.T.);
#2415 = FACE_BOUND('',#2416,.T.);
#2416 = EDGE_LOOP('',(#2417,#2426,#2427,#2428));
#2417 = ORIENTED_EDGE('',*,*,#2418,.T.);
#2418 = EDGE_CURVE('',#2419,#2378,#2421,.T.);
#2419 = VERTEX_POINT('',#2420);
#2420 = CARTESIAN_POINT('',(39.35,121.75,0.8));
#2421 = CIRCLE('',#2422,1.6);
#2422 = AXIS2_PLACEMENT_3D('',#2423,#2424,#2425);
#2423 = CARTESIAN_POINT('',(37.75,121.75,0.8));
#2424 = DIRECTION('',(0.,0.,1.));
#2425 = DIRECTION('',(1.,0.,0.));
#2426 = ORIENTED_EDGE('',*,*,#2387,.T.);
#2427 = ORIENTED_EDGE('',*,*,#1854,.F.);
#2428 = ORIENTED_EDGE('',*,*,#2429,.F.);
#2429 = EDGE_CURVE('',#2419,#1855,#2430,.T.);
#2430 = B_SPLINE_CURVE_WITH_KNOTS('',1,(#2431,#2432),.UNSPECIFIED.,.F.,
  .F.,(2,2),(0.,1.),.PIECEWISE_BEZIER_KNOTS.);
#2431 = CARTESIAN_POINT('',(39.35,121.75,0.8));
#2432 = CARTESIAN_POINT('',(39.35,121.75,2.6));
#2433 = CYLINDRICAL_SURFACE('',#2434,1.6);
#2434 = AXIS2_PLACEMENT_3D('',#2435,#2436,#2437);
#2435 = CARTESIAN_POINT('',(37.75,121.75,0.8));
#2436 = DIRECTION('',(0.,0.,1.));
#2437 = DIRECTION('',(1.,0.,0.));
#2438 = ADVANCED_FACE('',(#2439),#2462,.T.);
#2439 = FACE_BOUND('',#2440,.T.);
#2440 = EDGE_LOOP('',(#2441,#2451,#2456,#2457));
#2441 = ORIENTED_EDGE('',*,*,#2442,.T.);
#2442 = EDGE_CURVE('',#2443,#2445,#2447,.T.);
#2443 = VERTEX_POINT('',#2444);
#2444 = CARTESIAN_POINT('',(39.35,3.75,0.8));
#2445 = VERTEX_POINT('',#2446);
#2446 = CARTESIAN_POINT('',(39.35,37.75,0.8));
#2447 = LINE('',#2448,#2449);
#2448 = CARTESIAN_POINT('',(39.35,3.75,0.8));
#2449 = VECTOR('',#2450,1.);
#2450 = DIRECTION('',(0.,1.,0.));
#2451 = ORIENTED_EDGE('',*,*,#2452,.T.);
#2452 = EDGE_CURVE('',#2445,#1881,#2453,.T.);
#2453 = B_SPLINE_CURVE_WITH_KNOTS('',1,(#2454,#2455),.UNSPECIFIED.,.F.,
  .F.,(2,2),(0.,1.),.PIECEWISE_BEZIER_KNOTS.);
#2454 = CARTESIAN_POINT('',(39.35,37.75,0.8));
#2455 = CARTESIAN_POINT('',(39.35,37.75,2.6));
#2456 = ORIENTED_EDGE('',*,*,#1878,.F.);
#2457 = ORIENTED_EDGE('',*,*,#2458,.F.);
#2458 = EDGE_CURVE('',#2443,#1879,#2459,.T.);
#2459 = B_SPLINE_CURVE_WITH_KNOTS('',1,(#2460,#2461),.UNSPECIFIED.,.F.,
  .F.,(2,2),(0.,1.),.PIECEWISE_BEZIER_KNOTS.);
#2460 = CARTESIAN_POINT('',(39.35,3.75,0.8));
#2461 = CARTESIAN_POINT('',(39.35,3.75,2.6));
#2462 = PLANE('',#2463);
#2463 = AXIS2_PLACEMENT_3D('',#2464,#2465,#2466);
#2464 = CARTESIAN_POINT('',(39.35,3.75,2.6));
#2465 = DIRECTION('',(1.,0.,0.));
#2466 = DIRECTION('',(0.,1.,0.));
#2467 = ADVANCED_FACE('',(#2468),#2491,.T.);
#2468 = FACE_BOUND('',#2469,.T.);
#2469 = EDGE_LOOP('',(#2470,#2480,#2485,#2486));
#2470 = ORIENTED_EDGE('',*,*,#2471,.T.);
#2471 = EDGE_CURVE('',#2472,#2474,#2476,.T.);
#2472 = VERTEX_POINT('',#2473);
#2473 = CARTESIAN_POINT('',(39.35,45.75,0.8));
#2474 = VERTEX_POINT('',#2475);
#2475 = CARTESIAN_POINT('',(39.35,79.75,0.8));
#2476 = LINE('',#2477,#2478);
#2477 = CARTESIAN_POINT('',(39.35,45.75,0.8));
#2478 = VECTOR('',#2479,1.);
#2479 = DIRECTION('',(0.,1.,0.));
#2480 = ORIENTED_EDGE('',*,*,#2481,.T.);
#2481 = EDGE_CURVE('',#2474,#1910,#2482,.T.);
#2482 = B_SPLINE_CURVE_WITH_KNOTS('',1,(#2483,#2484),.UNSPECIFIED.,.F.,
  .F.,(2,2),(0.,1.),.PIECEWISE_BEZIER_KNOTS.);
#2483 = CARTESIAN_POINT('',(39.35,79.75,0.8));
#2484 = CARTESIAN_POINT('',(39.35,79.75,2.6));
#2485 = ORIENTED_EDGE('',*,*,#1907,.F.);
#2486 = ORIENTED_EDGE('',*,*,#2487,.F.);
#2487 = EDGE_CURVE('',#2472,#1908,#2488,.T.);
#2488 = B_SPLINE_CURVE_WITH_KNOTS('',1,(#2489,#2490),.UNSPECIFIED.,.F.,
  .F.,(2,2),(0.,1.),.PIECEWISE_BEZIER_KNOTS.);
#2489 = CARTESIAN_POINT('',(39.35,45.75,0.8));
#2490 = CARTESIAN_POINT('',(39.35,45.75,2.6));
#2491 = PLANE('',#2492);
#2492 = AXIS2_PLACEMENT_3D('',#2493,#2494,#2495);
#2493 = CARTESIAN_POINT('',(39.35,45.75,2.6));
#2494 = DIRECTION('',(1.,0.,0.));
#2495 = DIRECTION('',(0.,1.,0.));
#2496 = ADVANCED_FACE('',(#2497),#2514,.T.);
#2497 = FACE_BOUND('',#2498,.T.);
#2498 = EDGE_LOOP('',(#2499,#2507,#2508,#2509));
#2499 = ORIENTED_EDGE('',*,*,#2500,.T.);
#2500 = EDGE_CURVE('',#2501,#2419,#2503,.T.);
#2501 = VERTEX_POINT('',#2502);
#2502 = CARTESIAN_POINT('',(39.35,87.75,0.8));
#2503 = LINE('',#2504,#2505);
#2504 = CARTESIAN_POINT('',(39.35,87.75,0.8));
#2505 = VECTOR('',#2506,1.);
#2506 = DIRECTION('',(0.,1.,0.));
#2507 = ORIENTED_EDGE('',*,*,#2429,.T.);
#2508 = ORIENTED_EDGE('',*,*,#1936,.F.);
#2509 = ORIENTED_EDGE('',*,*,#2510,.F.);
#2510 = EDGE_CURVE('',#2501,#1937,#2511,.T.);
#2511 = B_SPLINE_CURVE_WITH_KNOTS('',1,(#2512,#2513),.UNSPECIFIED.,.F.,
  .F.,(2,2),(0.,1.),.PIECEWISE_BEZIER_KNOTS.);
#2512 = CARTESIAN_POINT('',(39.35,87.75,0.8));
#2513 = CARTESIAN_POINT('',(39.35,87.75,2.6));
#2514 = PLANE('',#2515);
#2515 = AXIS2_PLACEMENT_3D('',#2516,#2517,#2518);
#2516 = CARTESIAN_POINT('',(39.35,87.75,2.6));
#2517 = DIRECTION('',(1.,0.,0.));
#2518 = DIRECTION('',(0.,1.,0.));
#2519 = ADVANCED_FACE('',(#2520),#2532,.T.);
#2520 = FACE_BOUND('',#2521,.T.);
#2521 = EDGE_LOOP('',(#2522,#2529,#2530,#2531));
#2522 = ORIENTED_EDGE('',*,*,#2523,.T.);
#2523 = EDGE_CURVE('',#1980,#2443,#2524,.T.);
#2524 = CIRCLE('',#2525,1.6);
#2525 = AXIS2_PLACEMENT_3D('',#2526,#2527,#2528);
#2526 = CARTESIAN_POINT('',(37.75,3.75,0.8));
#2527 = DIRECTION('',(-0.,0.,1.));
#2528 = DIRECTION('',(4.440892098501E-15,-1.,0.));
#2529 = ORIENTED_EDGE('',*,*,#2458,.T.);
#2530 = ORIENTED_EDGE('',*,*,#1959,.F.);
#2531 = ORIENTED_EDGE('',*,*,#1987,.F.);
#2532 = CYLINDRICAL_SURFACE('',#2533,1.6);
#2533 = AXIS2_PLACEMENT_3D('',#2534,#2535,#2536);
#2534 = CARTESIAN_POINT('',(37.75,3.75,0.8));
#2535 = DIRECTION('',(0.,0.,1.));
#2536 = DIRECTION('',(4.440892098501E-15,-1.,0.));
#2537 = ADVANCED_FACE('',(#2538),#2561,.T.);
#2538 = FACE_BOUND('',#2539,.T.);
#2539 = EDGE_LOOP('',(#2540,#2550,#2555,#2556));
#2540 = ORIENTED_EDGE('',*,*,#2541,.T.);
#2541 = EDGE_CURVE('',#2542,#2544,#2546,.T.);
#2542 = VERTEX_POINT('',#2543);
#2543 = CARTESIAN_POINT('',(3.75,2.95,0.));
#2544 = VERTEX_POINT('',#2545);
#2545 = CARTESIAN_POINT('',(37.75,2.95,0.));
#2546 = LINE('',#2547,#2548);
#2547 = CARTESIAN_POINT('',(3.75,2.95,0.));
#2548 = VECTOR('',#2549,1.);
#2549 = DIRECTION('',(1.,0.,0.));
#2550 = ORIENTED_EDGE('',*,*,#2551,.T.);
#2551 = EDGE_CURVE('',#2544,#1980,#2552,.T.);
#2552 = B_SPLINE_CURVE_WITH_KNOTS('',1,(#2553,#2554),.UNSPECIFIED.,.F.,
  .F.,(2,2),(0.,1.),.PIECEWISE_BEZIER_KNOTS.);
#2553 = CARTESIAN_POINT('',(37.75,2.95,0.));
#2554 = CARTESIAN_POINT('',(37.75,2.15,0.8));
#2555 = ORIENTED_EDGE('',*,*,#1977,.F.);
#2556 = ORIENTED_EDGE('',*,*,#2557,.F.);
#2557 = EDGE_CURVE('',#2542,#1978,#2558,.T.);
#2558 = B_SPLINE_CURVE_WITH_KNOTS('',1,(#2559,#2560),.UNSPECIFIED.,.F.,
  .F.,(2,2),(0.,1.),.PIECEWISE_BEZIER_KNOTS.);
#2559 = CARTESIAN_POINT('',(3.75,2.95,0.));
#2560 = CARTESIAN_POINT('',(3.75,2.15,0.8));
#2561 = PLANE('',#2562);
#2562 = AXIS2_PLACEMENT_3D('',#2563,#2564,#2565);
#2563 = CARTESIAN_POINT('',(3.75,2.15,0.8));
#2564 = DIRECTION('',(0.,-0.707106781187,-0.707106781187));
#2565 = DIRECTION('',(1.,0.,0.));
#2566 = ADVANCED_FACE('',(#2567),#2590,.T.);
#2567 = FACE_BOUND('',#2568,.T.);
#2568 = EDGE_LOOP('',(#2569,#2579,#2584,#2585));
#2569 = ORIENTED_EDGE('',*,*,#2570,.T.);
#2570 = EDGE_CURVE('',#2571,#2573,#2575,.T.);
#2571 = VERTEX_POINT('',#2572);
#2572 = CARTESIAN_POINT('',(2.95,121.75,0.));
#2573 = VERTEX_POINT('',#2574);
#2574 = CARTESIAN_POINT('',(2.95,87.75,0.));
#2575 = LINE('',#2576,#2577);
#2576 = CARTESIAN_POINT('',(2.95,121.75,0.));
#2577 = VECTOR('',#2578,1.);
#2578 = DIRECTION('',(0.,-1.,0.));
#2579 = ORIENTED_EDGE('',*,*,#2580,.T.);
#2580 = EDGE_CURVE('',#2573,#2009,#2581,.T.);
#2581 = B_SPLINE_CURVE_WITH_KNOTS('',1,(#2582,#2583),.UNSPECIFIED.,.F.,
  .F.,(2,2),(0.,1.),.PIECEWISE_BEZIER_KNOTS.);
#2582 = CARTESIAN_POINT('',(2.95,87.75,0.));
#2583 = CARTESIAN_POINT('',(2.15,87.75,0.8));
#2584 = ORIENTED_EDGE('',*,*,#2006,.F.);
#2585 = ORIENTED_EDGE('',*,*,#2586,.F.);
#2586 = EDGE_CURVE('',#2571,#2007,#2587,.T.);
#2587 = B_SPLINE_CURVE_WITH_KNOTS('',1,(#2588,#2589),.UNSPECIFIED.,.F.,
  .F.,(2,2),(0.,1.),.PIECEWISE_BEZIER_KNOTS.);
#2588 = CARTESIAN_POINT('',(2.95,121.75,0.));
#2589 = CARTESIAN_POINT('',(2.15,121.75,0.8));
#2590 = PLANE('',#2591);
#2591 = AXIS2_PLACEMENT_3D('',#2592,#2593,#2594);
#2592 = CARTESIAN_POINT('',(2.15,121.75,0.8));
#2593 = DIRECTION('',(-0.707106781187,-0.,-0.707106781187));
#2594 = DIRECTION('',(0.,-1.,0.));
#2595 = ADVANCED_FACE('',(#2596),#2614,.T.);
#2596 = FACE_BOUND('',#2597,.T.);
#2597 = EDGE_LOOP('',(#2598,#2607,#2612,#2613));
#2598 = ORIENTED_EDGE('',*,*,#2599,.T.);
#2599 = EDGE_CURVE('',#2009,#2600,#2602,.T.);
#2600 = VERTEX_POINT('',#2601);
#2601 = CARTESIAN_POINT('',(3.75,86.15,0.8));
#2602 = CIRCLE('',#2603,1.6);
#2603 = AXIS2_PLACEMENT_3D('',#2604,#2605,#2606);
#2604 = CARTESIAN_POINT('',(3.75,87.75,0.8));
#2605 = DIRECTION('',(0.,0.,1.));
#2606 = DIRECTION('',(-1.,0.,0.));
#2607 = ORIENTED_EDGE('',*,*,#2608,.T.);
#2608 = EDGE_CURVE('',#2600,#2036,#2609,.T.);
#2609 = B_SPLINE_CURVE_WITH_KNOTS('',1,(#2610,#2611),.UNSPECIFIED.,.F.,
  .F.,(2,2),(0.,1.),.PIECEWISE_BEZIER_KNOTS.);
#2610 = CARTESIAN_POINT('',(3.75,86.15,0.8));
#2611 = CARTESIAN_POINT('',(3.75,86.15,2.6));
#2612 = ORIENTED_EDGE('',*,*,#2035,.F.);
#2613 = ORIENTED_EDGE('',*,*,#2016,.F.);
#2614 = CYLINDRICAL_SURFACE('',#2615,1.6);
#2615 = AXIS2_PLACEMENT_3D('',#2616,#2617,#2618);
#2616 = CARTESIAN_POINT('',(3.75,87.75,0.8));
#2617 = DIRECTION('',(0.,0.,1.));
#2618 = DIRECTION('',(-1.,0.,0.));
#2619 = ADVANCED_FACE('',(#2620),#2637,.T.);
#2620 = FACE_BOUND('',#2621,.T.);
#2621 = EDGE_LOOP('',(#2622,#2630,#2635,#2636));
#2622 = ORIENTED_EDGE('',*,*,#2623,.T.);
#2623 = EDGE_CURVE('',#2600,#2624,#2626,.T.);
#2624 = VERTEX_POINT('',#2625);
#2625 = CARTESIAN_POINT('',(37.75,86.15,0.8));
#2626 = LINE('',#2627,#2628);
#2627 = CARTESIAN_POINT('',(3.75,86.15,0.8));
#2628 = VECTOR('',#2629,1.);
#2629 = DIRECTION('',(1.,0.,0.));
#2630 = ORIENTED_EDGE('',*,*,#2631,.T.);
#2631 = EDGE_CURVE('',#2624,#2060,#2632,.T.);
#2632 = B_SPLINE_CURVE_WITH_KNOTS('',1,(#2633,#2634),.UNSPECIFIED.,.F.,
  .F.,(2,2),(0.,1.),.PIECEWISE_BEZIER_KNOTS.);
#2633 = CARTESIAN_POINT('',(37.75,86.15,0.8));
#2634 = CARTESIAN_POINT('',(37.75,86.15,2.6));
#2635 = ORIENTED_EDGE('',*,*,#2059,.F.);
#2636 = ORIENTED_EDGE('',*,*,#2608,.F.);
#2637 = PLANE('',#2638);
#2638 = AXIS2_PLACEMENT_3D('',#2639,#2640,#2641);
#2639 = CARTESIAN_POINT('',(3.75,86.15,2.6));
#2640 = DIRECTION('',(0.,-1.,0.));
#2641 = DIRECTION('',(1.,0.,0.));
#2642 = ADVANCED_FACE('',(#2643),#2655,.T.);
#2643 = FACE_BOUND('',#2644,.T.);
#2644 = EDGE_LOOP('',(#2645,#2652,#2653,#2654));
#2645 = ORIENTED_EDGE('',*,*,#2646,.T.);
#2646 = EDGE_CURVE('',#2624,#2501,#2647,.T.);
#2647 = CIRCLE('',#2648,1.6);
#2648 = AXIS2_PLACEMENT_3D('',#2649,#2650,#2651);
#2649 = CARTESIAN_POINT('',(37.75,87.75,0.8));
#2650 = DIRECTION('',(-0.,0.,1.));
#2651 = DIRECTION('',(0.,-1.,0.));
#2652 = ORIENTED_EDGE('',*,*,#2510,.T.);
#2653 = ORIENTED_EDGE('',*,*,#2082,.F.);
#2654 = ORIENTED_EDGE('',*,*,#2631,.F.);
#2655 = CYLINDRICAL_SURFACE('',#2656,1.6);
#2656 = AXIS2_PLACEMENT_3D('',#2657,#2658,#2659);
#2657 = CARTESIAN_POINT('',(37.75,87.75,0.8));
#2658 = DIRECTION('',(0.,0.,1.));
#2659 = DIRECTION('',(0.,-1.,0.));
#2660 = ADVANCED_FACE('',(#2661),#2679,.T.);
#2661 = FACE_BOUND('',#2662,.T.);
#2662 = EDGE_LOOP('',(#2663,#2672,#2677,#2678));
#2663 = ORIENTED_EDGE('',*,*,#2664,.T.);
#2664 = EDGE_CURVE('',#2474,#2665,#2667,.T.);
#2665 = VERTEX_POINT('',#2666);
#2666 = CARTESIAN_POINT('',(37.75,81.35,0.8));
#2667 = CIRCLE('',#2668,1.6);
#2668 = AXIS2_PLACEMENT_3D('',#2669,#2670,#2671);
#2669 = CARTESIAN_POINT('',(37.75,79.75,0.8));
#2670 = DIRECTION('',(0.,0.,1.));
#2671 = DIRECTION('',(1.,0.,0.));
#2672 = ORIENTED_EDGE('',*,*,#2673,.T.);
#2673 = EDGE_CURVE('',#2665,#2101,#2674,.T.);
#2674 = B_SPLINE_CURVE_WITH_KNOTS('',1,(#2675,#2676),.UNSPECIFIED.,.F.,
  .F.,(2,2),(0.,1.),.PIECEWISE_BEZIER_KNOTS.);
#2675 = CARTESIAN_POINT('',(37.75,81.35,0.8));
#2676 = CARTESIAN_POINT('',(37.75,81.35,2.6));
#2677 = ORIENTED_EDGE('',*,*,#2100,.F.);
#2678 = ORIENTED_EDGE('',*,*,#2481,.F.);
#2679 = CYLINDRICAL_SURFACE('',#2680,1.6);
#2680 = AXIS2_PLACEMENT_3D('',#2681,#2682,#2683);
#2681 = CARTESIAN_POINT('',(37.75,79.75,0.8));
#2682 = DIRECTION('',(0.,0.,1.));
#2683 = DIRECTION('',(1.,0.,0.));
#2684 = ADVANCED_FACE('',(#2685),#2702,.T.);
#2685 = FACE_BOUND('',#2686,.T.);
#2686 = EDGE_LOOP('',(#2687,#2695,#2700,#2701));
#2687 = ORIENTED_EDGE('',*,*,#2688,.T.);
#2688 = EDGE_CURVE('',#2665,#2689,#2691,.T.);
#2689 = VERTEX_POINT('',#2690);
#2690 = CARTESIAN_POINT('',(3.75,81.35,0.8));
#2691 = LINE('',#2692,#2693);
#2692 = CARTESIAN_POINT('',(37.75,81.35,0.8));
#2693 = VECTOR('',#2694,1.);
#2694 = DIRECTION('',(-1.,0.,0.));
#2695 = ORIENTED_EDGE('',*,*,#2696,.T.);
#2696 = EDGE_CURVE('',#2689,#2125,#2697,.T.);
#2697 = B_SPLINE_CURVE_WITH_KNOTS('',1,(#2698,#2699),.UNSPECIFIED.,.F.,
  .F.,(2,2),(0.,1.),.PIECEWISE_BEZIER_KNOTS.);
#2698 = CARTESIAN_POINT('',(3.75,81.35,0.8));
#2699 = CARTESIAN_POINT('',(3.75,81.35,2.6));
#2700 = ORIENTED_EDGE('',*,*,#2124,.F.);
#2701 = ORIENTED_EDGE('',*,*,#2673,.F.);
#2702 = PLANE('',#2703);
#2703 = AXIS2_PLACEMENT_3D('',#2704,#2705,#2706);
#2704 = CARTESIAN_POINT('',(37.75,81.35,2.6));
#2705 = DIRECTION('',(0.,1.,0.));
#2706 = DIRECTION('',(-1.,0.,0.));
#2707 = ADVANCED_FACE('',(#2708),#2720,.T.);
#2708 = FACE_BOUND('',#2709,.T.);
#2709 = EDGE_LOOP('',(#2710,#2717,#2718,#2719));
#2710 = ORIENTED_EDGE('',*,*,#2711,.T.);
#2711 = EDGE_CURVE('',#2689,#2166,#2712,.T.);
#2712 = CIRCLE('',#2713,1.6);
#2713 = AXIS2_PLACEMENT_3D('',#2714,#2715,#2716);
#2714 = CARTESIAN_POINT('',(3.75,79.75,0.8));
#2715 = DIRECTION('',(0.,-0.,1.));
#2716 = DIRECTION('',(3.608224830032E-15,1.,0.));
#2717 = ORIENTED_EDGE('',*,*,#2181,.T.);
#2718 = ORIENTED_EDGE('',*,*,#2147,.F.);
#2719 = ORIENTED_EDGE('',*,*,#2696,.F.);
#2720 = CYLINDRICAL_SURFACE('',#2721,1.6);
#2721 = AXIS2_PLACEMENT_3D('',#2722,#2723,#2724);
#2722 = CARTESIAN_POINT('',(3.75,79.75,0.8));
#2723 = DIRECTION('',(0.,0.,1.));
#2724 = DIRECTION('',(3.608224830032E-15,1.,0.));
#2725 = ADVANCED_FACE('',(#2726),#2749,.T.);
#2726 = FACE_BOUND('',#2727,.T.);
#2727 = EDGE_LOOP('',(#2728,#2738,#2743,#2744));
#2728 = ORIENTED_EDGE('',*,*,#2729,.T.);
#2729 = EDGE_CURVE('',#2730,#2732,#2734,.T.);
#2730 = VERTEX_POINT('',#2731);
#2731 = CARTESIAN_POINT('',(2.95,79.75,0.));
#2732 = VERTEX_POINT('',#2733);
#2733 = CARTESIAN_POINT('',(2.95,45.75,0.));
#2734 = LINE('',#2735,#2736);
#2735 = CARTESIAN_POINT('',(2.95,79.75,0.));
#2736 = VECTOR('',#2737,1.);
#2737 = DIRECTION('',(0.,-1.,0.));
#2738 = ORIENTED_EDGE('',*,*,#2739,.T.);
#2739 = EDGE_CURVE('',#2732,#2168,#2740,.T.);
#2740 = B_SPLINE_CURVE_WITH_KNOTS('',1,(#2741,#2742),.UNSPECIFIED.,.F.,
  .F.,(2,2),(0.,1.),.PIECEWISE_BEZIER_KNOTS.);
#2741 = CARTESIAN_POINT('',(2.95,45.75,0.));
#2742 = CARTESIAN_POINT('',(2.15,45.75,0.8));
#2743 = ORIENTED_EDGE('',*,*,#2165,.F.);
#2744 = ORIENTED_EDGE('',*,*,#2745,.F.);
#2745 = EDGE_CURVE('',#2730,#2166,#2746,.T.);
#2746 = B_SPLINE_CURVE_WITH_KNOTS('',1,(#2747,#2748),.UNSPECIFIED.,.F.,
  .F.,(2,2),(0.,1.),.PIECEWISE_BEZIER_KNOTS.);
#2747 = CARTESIAN_POINT('',(2.95,79.75,0.));
#2748 = CARTESIAN_POINT('',(2.15,79.75,0.8));
#2749 = PLANE('',#2750);
#2750 = AXIS2_PLACEMENT_3D('',#2751,#2752,#2753);
#2751 = CARTESIAN_POINT('',(2.15,79.75,0.8));
#2752 = DIRECTION('',(-0.707106781187,-0.,-0.707106781187));
#2753 = DIRECTION('',(0.,-1.,0.));
#2754 = ADVANCED_FACE('',(#2755),#2773,.T.);
#2755 = FACE_BOUND('',#2756,.T.);
#2756 = EDGE_LOOP('',(#2757,#2766,#2771,#2772));
#2757 = ORIENTED_EDGE('',*,*,#2758,.T.);
#2758 = EDGE_CURVE('',#2168,#2759,#2761,.T.);
#2759 = VERTEX_POINT('',#2760);
#2760 = CARTESIAN_POINT('',(3.75,44.15,0.8));
#2761 = CIRCLE('',#2762,1.6);
#2762 = AXIS2_PLACEMENT_3D('',#2763,#2764,#2765);
#2763 = CARTESIAN_POINT('',(3.75,45.75,0.8));
#2764 = DIRECTION('',(0.,0.,1.));
#2765 = DIRECTION('',(-1.,-4.440892098501E-15,0.));
#2766 = ORIENTED_EDGE('',*,*,#2767,.T.);
#2767 = EDGE_CURVE('',#2759,#2195,#2768,.T.);
#2768 = B_SPLINE_CURVE_WITH_KNOTS('',1,(#2769,#2770),.UNSPECIFIED.,.F.,
  .F.,(2,2),(0.,1.),.PIECEWISE_BEZIER_KNOTS.);
#2769 = CARTESIAN_POINT('',(3.75,44.15,0.8));
#2770 = CARTESIAN_POINT('',(3.75,44.15,2.6));
#2771 = ORIENTED_EDGE('',*,*,#2194,.F.);
#2772 = ORIENTED_EDGE('',*,*,#2175,.F.);
#2773 = CYLINDRICAL_SURFACE('',#2774,1.6);
#2774 = AXIS2_PLACEMENT_3D('',#2775,#2776,#2777);
#2775 = CARTESIAN_POINT('',(3.75,45.75,0.8));
#2776 = DIRECTION('',(0.,0.,1.));
#2777 = DIRECTION('',(-1.,-4.440892098501E-15,0.));
#2778 = ADVANCED_FACE('',(#2779),#2796,.T.);
#2779 = FACE_BOUND('',#2780,.T.);
#2780 = EDGE_LOOP('',(#2781,#2789,#2794,#2795));
#2781 = ORIENTED_EDGE('',*,*,#2782,.T.);
#2782 = EDGE_CURVE('',#2759,#2783,#2785,.T.);
#2783 = VERTEX_POINT('',#2784);
#2784 = CARTESIAN_POINT('',(37.75,44.15,0.8));
#2785 = LINE('',#2786,#2787);
#2786 = CARTESIAN_POINT('',(3.75,44.15,0.8));
#2787 = VECTOR('',#2788,1.);
#2788 = DIRECTION('',(1.,0.,0.));
#2789 = ORIENTED_EDGE('',*,*,#2790,.T.);
#2790 = EDGE_CURVE('',#2783,#2219,#2791,.T.);
#2791 = B_SPLINE_CURVE_WITH_KNOTS('',1,(#2792,#2793),.UNSPECIFIED.,.F.,
  .F.,(2,2),(0.,1.),.PIECEWISE_BEZIER_KNOTS.);
#2792 = CARTESIAN_POINT('',(37.75,44.15,0.8));
#2793 = CARTESIAN_POINT('',(37.75,44.15,2.6));
#2794 = ORIENTED_EDGE('',*,*,#2218,.F.);
#2795 = ORIENTED_EDGE('',*,*,#2767,.F.);
#2796 = PLANE('',#2797);
#2797 = AXIS2_PLACEMENT_3D('',#2798,#2799,#2800);
#2798 = CARTESIAN_POINT('',(3.75,44.15,2.6));
#2799 = DIRECTION('',(0.,-1.,0.));
#2800 = DIRECTION('',(1.,0.,0.));
#2801 = ADVANCED_FACE('',(#2802),#2814,.T.);
#2802 = FACE_BOUND('',#2803,.T.);
#2803 = EDGE_LOOP('',(#2804,#2811,#2812,#2813));
#2804 = ORIENTED_EDGE('',*,*,#2805,.T.);
#2805 = EDGE_CURVE('',#2783,#2472,#2806,.T.);
#2806 = CIRCLE('',#2807,1.6);
#2807 = AXIS2_PLACEMENT_3D('',#2808,#2809,#2810);
#2808 = CARTESIAN_POINT('',(37.75,45.75,0.8));
#2809 = DIRECTION('',(-0.,0.,1.));
#2810 = DIRECTION('',(4.440892098501E-15,-1.,0.));
#2811 = ORIENTED_EDGE('',*,*,#2487,.T.);
#2812 = ORIENTED_EDGE('',*,*,#2241,.F.);
#2813 = ORIENTED_EDGE('',*,*,#2790,.F.);
#2814 = CYLINDRICAL_SURFACE('',#2815,1.6);
#2815 = AXIS2_PLACEMENT_3D('',#2816,#2817,#2818);
#2816 = CARTESIAN_POINT('',(37.75,45.75,0.8));
#2817 = DIRECTION('',(0.,0.,1.));
#2818 = DIRECTION('',(4.440892098501E-15,-1.,0.));
#2819 = ADVANCED_FACE('',(#2820),#2838,.T.);
#2820 = FACE_BOUND('',#2821,.T.);
#2821 = EDGE_LOOP('',(#2822,#2831,#2836,#2837));
#2822 = ORIENTED_EDGE('',*,*,#2823,.T.);
#2823 = EDGE_CURVE('',#2445,#2824,#2826,.T.);
#2824 = VERTEX_POINT('',#2825);
#2825 = CARTESIAN_POINT('',(37.75,39.35,0.8));
#2826 = CIRCLE('',#2827,1.6);
#2827 = AXIS2_PLACEMENT_3D('',#2828,#2829,#2830);
#2828 = CARTESIAN_POINT('',(37.75,37.75,0.8));
#2829 = DIRECTION('',(0.,-0.,1.));
#2830 = DIRECTION('',(1.,4.440892098501E-15,0.));
#2831 = ORIENTED_EDGE('',*,*,#2832,.T.);
#2832 = EDGE_CURVE('',#2824,#2260,#2833,.T.);
#2833 = B_SPLINE_CURVE_WITH_KNOTS('',1,(#2834,#2835),.UNSPECIFIED.,.F.,
  .F.,(2,2),(0.,1.),.PIECEWISE_BEZIER_KNOTS.);
#2834 = CARTESIAN_POINT('',(37.75,39.35,0.8));
#2835 = CARTESIAN_POINT('',(37.75,39.35,2.6));
#2836 = ORIENTED_EDGE('',*,*,#2259,.F.);
#2837 = ORIENTED_EDGE('',*,*,#2452,.F.);
#2838 = CYLINDRICAL_SURFACE('',#2839,1.6);
#2839 = AXIS2_PLACEMENT_3D('',#2840,#2841,#2842);
#2840 = CARTESIAN_POINT('',(37.75,37.75,0.8));
#2841 = DIRECTION('',(0.,0.,1.));
#2842 = DIRECTION('',(1.,4.440892098501E-15,0.));
#2843 = ADVANCED_FACE('',(#2844),#2861,.T.);
#2844 = FACE_BOUND('',#2845,.T.);
#2845 = EDGE_LOOP('',(#2846,#2854,#2859,#2860));
#2846 = ORIENTED_EDGE('',*,*,#2847,.T.);
#2847 = EDGE_CURVE('',#2824,#2848,#2850,.T.);
#2848 = VERTEX_POINT('',#2849);
#2849 = CARTESIAN_POINT('',(3.75,39.35,0.8));
#2850 = LINE('',#2851,#2852);
#2851 = CARTESIAN_POINT('',(37.75,39.35,0.8));
#2852 = VECTOR('',#2853,1.);
#2853 = DIRECTION('',(-1.,0.,0.));
#2854 = ORIENTED_EDGE('',*,*,#2855,.T.);
#2855 = EDGE_CURVE('',#2848,#2284,#2856,.T.);
#2856 = B_SPLINE_CURVE_WITH_KNOTS('',1,(#2857,#2858),.UNSPECIFIED.,.F.,
  .F.,(2,2),(0.,1.),.PIECEWISE_BEZIER_KNOTS.);
#2857 = CARTESIAN_POINT('',(3.75,39.35,0.8));
#2858 = CARTESIAN_POINT('',(3.75,39.35,2.6));
#2859 = ORIENTED_EDGE('',*,*,#2283,.F.);
#2860 = ORIENTED_EDGE('',*,*,#2832,.F.);
#2861 = PLANE('',#2862);
#2862 = AXIS2_PLACEMENT_3D('',#2863,#2864,#2865);
#2863 = CARTESIAN_POINT('',(37.75,39.35,2.6));
#2864 = DIRECTION('',(0.,1.,0.));
#2865 = DIRECTION('',(-1.,0.,0.));
#2866 = ADVANCED_FACE('',(#2867),#2879,.T.);
#2867 = FACE_BOUND('',#2868,.T.);
#2868 = EDGE_LOOP('',(#2869,#2876,#2877,#2878));
#2869 = ORIENTED_EDGE('',*,*,#2870,.T.);
#2870 = EDGE_CURVE('',#2848,#2325,#2871,.T.);
#2871 = CIRCLE('',#2872,1.6);
#2872 = AXIS2_PLACEMENT_3D('',#2873,#2874,#2875);
#2873 = CARTESIAN_POINT('',(3.75,37.75,0.8));
#2874 = DIRECTION('',(0.,0.,1.));
#2875 = DIRECTION('',(-3.053113317719E-15,1.,0.));
#2876 = ORIENTED_EDGE('',*,*,#2340,.T.);
#2877 = ORIENTED_EDGE('',*,*,#2306,.F.);
#2878 = ORIENTED_EDGE('',*,*,#2855,.F.);
#2879 = CYLINDRICAL_SURFACE('',#2880,1.6);
#2880 = AXIS2_PLACEMENT_3D('',#2881,#2882,#2883);
#2881 = CARTESIAN_POINT('',(3.75,37.75,0.8));
#2882 = DIRECTION('',(0.,0.,1.));
#2883 = DIRECTION('',(-3.053113317719E-15,1.,0.));
#2884 = ADVANCED_FACE('',(#2885),#2908,.T.);
#2885 = FACE_BOUND('',#2886,.T.);
#2886 = EDGE_LOOP('',(#2887,#2897,#2902,#2903));
#2887 = ORIENTED_EDGE('',*,*,#2888,.T.);
#2888 = EDGE_CURVE('',#2889,#2891,#2893,.T.);
#2889 = VERTEX_POINT('',#2890);
#2890 = CARTESIAN_POINT('',(2.95,37.75,0.));
#2891 = VERTEX_POINT('',#2892);
#2892 = CARTESIAN_POINT('',(2.95,3.75,0.));
#2893 = LINE('',#2894,#2895);
#2894 = CARTESIAN_POINT('',(2.95,37.75,0.));
#2895 = VECTOR('',#2896,1.);
#2896 = DIRECTION('',(0.,-1.,0.));
#2897 = ORIENTED_EDGE('',*,*,#2898,.T.);
#2898 = EDGE_CURVE('',#2891,#2327,#2899,.T.);
#2899 = B_SPLINE_CURVE_WITH_KNOTS('',1,(#2900,#2901),.UNSPECIFIED.,.F.,
  .F.,(2,2),(0.,1.),.PIECEWISE_BEZIER_KNOTS.);
#2900 = CARTESIAN_POINT('',(2.95,3.75,0.));
#2901 = CARTESIAN_POINT('',(2.15,3.75,0.8));
#2902 = ORIENTED_EDGE('',*,*,#2324,.F.);
#2903 = ORIENTED_EDGE('',*,*,#2904,.F.);
#2904 = EDGE_CURVE('',#2889,#2325,#2905,.T.);
#2905 = B_SPLINE_CURVE_WITH_KNOTS('',1,(#2906,#2907),.UNSPECIFIED.,.F.,
  .F.,(2,2),(0.,1.),.PIECEWISE_BEZIER_KNOTS.);
#2906 = CARTESIAN_POINT('',(2.95,37.75,0.));
#2907 = CARTESIAN_POINT('',(2.15,37.75,0.8));
#2908 = PLANE('',#2909);
#2909 = AXIS2_PLACEMENT_3D('',#2910,#2911,#2912);
#2910 = CARTESIAN_POINT('',(2.15,37.75,0.8));
#2911 = DIRECTION('',(-0.707106781187,-0.,-0.707106781187));
#2912 = DIRECTION('',(0.,-1.,0.));
#2913 = ADVANCED_FACE('',(#2914),#2932,.T.);
#2914 = FACE_BOUND('',#2915,.T.);
#2915 = EDGE_LOOP('',(#2916,#2925,#2926,#2927));
#2916 = ORIENTED_EDGE('',*,*,#2917,.T.);
#2917 = EDGE_CURVE('',#2918,#2571,#2920,.T.);
#2918 = VERTEX_POINT('',#2919);
#2919 = CARTESIAN_POINT('',(3.75,122.55,0.));
#2920 = CIRCLE('',#2921,0.8);
#2921 = AXIS2_PLACEMENT_3D('',#2922,#2923,#2924);
#2922 = CARTESIAN_POINT('',(3.75,121.75,0.));
#2923 = DIRECTION('',(0.,-0.,1.));
#2924 = DIRECTION('',(5.551115123126E-16,1.,0.));
#2925 = ORIENTED_EDGE('',*,*,#2586,.T.);
#2926 = ORIENTED_EDGE('',*,*,#2353,.F.);
#2927 = ORIENTED_EDGE('',*,*,#2928,.F.);
#2928 = EDGE_CURVE('',#2918,#2354,#2929,.T.);
#2929 = B_SPLINE_CURVE_WITH_KNOTS('',1,(#2930,#2931),.UNSPECIFIED.,.F.,
  .F.,(2,2),(0.,1.),.PIECEWISE_BEZIER_KNOTS.);
#2930 = CARTESIAN_POINT('',(3.75,122.55,0.));
#2931 = CARTESIAN_POINT('',(3.75,123.35,0.8));
#2932 = CONICAL_SURFACE('',#2933,0.8,0.785398163397);
#2933 = AXIS2_PLACEMENT_3D('',#2934,#2935,#2936);
#2934 = CARTESIAN_POINT('',(3.75,121.75,0.));
#2935 = DIRECTION('',(0.,0.,1.));
#2936 = DIRECTION('',(5.551115123126E-16,1.,0.));
#2937 = ADVANCED_FACE('',(#2938),#2955,.T.);
#2938 = FACE_BOUND('',#2939,.T.);
#2939 = EDGE_LOOP('',(#2940,#2948,#2949,#2950));
#2940 = ORIENTED_EDGE('',*,*,#2941,.T.);
#2941 = EDGE_CURVE('',#2942,#2918,#2944,.T.);
#2942 = VERTEX_POINT('',#2943);
#2943 = CARTESIAN_POINT('',(37.75,122.55,0.));
#2944 = LINE('',#2945,#2946);
#2945 = CARTESIAN_POINT('',(37.75,122.55,0.));
#2946 = VECTOR('',#2947,1.);
#2947 = DIRECTION('',(-1.,0.,0.));
#2948 = ORIENTED_EDGE('',*,*,#2928,.T.);
#2949 = ORIENTED_EDGE('',*,*,#2377,.F.);
#2950 = ORIENTED_EDGE('',*,*,#2951,.F.);
#2951 = EDGE_CURVE('',#2942,#2378,#2952,.T.);
#2952 = B_SPLINE_CURVE_WITH_KNOTS('',1,(#2953,#2954),.UNSPECIFIED.,.F.,
  .F.,(2,2),(0.,1.),.PIECEWISE_BEZIER_KNOTS.);
#2953 = CARTESIAN_POINT('',(37.75,122.55,0.));
#2954 = CARTESIAN_POINT('',(37.75,123.35,0.8));
#2955 = PLANE('',#2956);
#2956 = AXIS2_PLACEMENT_3D('',#2957,#2958,#2959);
#2957 = CARTESIAN_POINT('',(37.75,123.35,0.8));
#2958 = DIRECTION('',(0.,0.707106781187,-0.707106781187));
#2959 = DIRECTION('',(-1.,0.,0.));
#2960 = ADVANCED_FACE('',(#2961),#2973,.T.);
#2961 = FACE_BOUND('',#2962,.T.);
#2962 = EDGE_LOOP('',(#2963,#2970,#2971,#2972));
#2963 = ORIENTED_EDGE('',*,*,#2964,.T.);
#2964 = EDGE_CURVE('',#2891,#2542,#2965,.T.);
#2965 = CIRCLE('',#2966,0.8);
#2966 = AXIS2_PLACEMENT_3D('',#2967,#2968,#2969);
#2967 = CARTESIAN_POINT('',(3.75,3.75,0.));
#2968 = DIRECTION('',(0.,0.,1.));
#2969 = DIRECTION('',(-1.,1.110223024625E-15,0.));
#2970 = ORIENTED_EDGE('',*,*,#2557,.T.);
#2971 = ORIENTED_EDGE('',*,*,#2400,.F.);
#2972 = ORIENTED_EDGE('',*,*,#2898,.F.);
#2973 = CONICAL_SURFACE('',#2974,0.8,0.785398163397);
#2974 = AXIS2_PLACEMENT_3D('',#2975,#2976,#2977);
#2975 = CARTESIAN_POINT('',(3.75,3.75,0.));
#2976 = DIRECTION('',(0.,0.,1.));
#2977 = DIRECTION('',(-1.,1.110223024625E-15,0.));
#2978 = ADVANCED_FACE('',(#2979),#2997,.T.);
#2979 = FACE_BOUND('',#2980,.T.);
#2980 = EDGE_LOOP('',(#2981,#2990,#2991,#2992));
#2981 = ORIENTED_EDGE('',*,*,#2982,.T.);
#2982 = EDGE_CURVE('',#2983,#2942,#2985,.T.);
#2983 = VERTEX_POINT('',#2984);
#2984 = CARTESIAN_POINT('',(38.55,121.75,0.));
#2985 = CIRCLE('',#2986,0.8);
#2986 = AXIS2_PLACEMENT_3D('',#2987,#2988,#2989);
#2987 = CARTESIAN_POINT('',(37.75,121.75,0.));
#2988 = DIRECTION('',(0.,0.,1.));
#2989 = DIRECTION('',(1.,0.,0.));
#2990 = ORIENTED_EDGE('',*,*,#2951,.T.);
#2991 = ORIENTED_EDGE('',*,*,#2418,.F.);
#2992 = ORIENTED_EDGE('',*,*,#2993,.F.);
#2993 = EDGE_CURVE('',#2983,#2419,#2994,.T.);
#2994 = B_SPLINE_CURVE_WITH_KNOTS('',1,(#2995,#2996),.UNSPECIFIED.,.F.,
  .F.,(2,2),(0.,1.),.PIECEWISE_BEZIER_KNOTS.);
#2995 = CARTESIAN_POINT('',(38.55,121.75,0.));
#2996 = CARTESIAN_POINT('',(39.35,121.75,0.8));
#2997 = CONICAL_SURFACE('',#2998,0.8,0.785398163397);
#2998 = AXIS2_PLACEMENT_3D('',#2999,#3000,#3001);
#2999 = CARTESIAN_POINT('',(37.75,121.75,0.));
#3000 = DIRECTION('',(0.,0.,1.));
#3001 = DIRECTION('',(1.,0.,0.));
#3002 = ADVANCED_FACE('',(#3003),#3026,.T.);
#3003 = FACE_BOUND('',#3004,.T.);
#3004 = EDGE_LOOP('',(#3005,#3015,#3020,#3021));
#3005 = ORIENTED_EDGE('',*,*,#3006,.T.);
#3006 = EDGE_CURVE('',#3007,#3009,#3011,.T.);
#3007 = VERTEX_POINT('',#3008);
#3008 = CARTESIAN_POINT('',(38.55,3.75,0.));
#3009 = VERTEX_POINT('',#3010);
#3010 = CARTESIAN_POINT('',(38.55,37.75,0.));
#3011 = LINE('',#3012,#3013);
#3012 = CARTESIAN_POINT('',(38.55,3.75,0.));
#3013 = VECTOR('',#3014,1.);
#3014 = DIRECTION('',(0.,1.,0.));
#3015 = ORIENTED_EDGE('',*,*,#3016,.T.);
#3016 = EDGE_CURVE('',#3009,#2445,#3017,.T.);
#3017 = B_SPLINE_CURVE_WITH_KNOTS('',1,(#3018,#3019),.UNSPECIFIED.,.F.,
  .F.,(2,2),(0.,1.),.PIECEWISE_BEZIER_KNOTS.);
#3018 = CARTESIAN_POINT('',(38.55,37.75,0.));
#3019 = CARTESIAN_POINT('',(39.35,37.75,0.8));
#3020 = ORIENTED_EDGE('',*,*,#2442,.F.);
#3021 = ORIENTED_EDGE('',*,*,#3022,.F.);
#3022 = EDGE_CURVE('',#3007,#2443,#3023,.T.);
#3023 = B_SPLINE_CURVE_WITH_KNOTS('',1,(#3024,#3025),.UNSPECIFIED.,.F.,
  .F.,(2,2),(0.,1.),.PIECEWISE_BEZIER_KNOTS.);
#3024 = CARTESIAN_POINT('',(38.55,3.75,0.));
#3025 = CARTESIAN_POINT('',(39.35,3.75,0.8));
#3026 = PLANE('',#3027);
#3027 = AXIS2_PLACEMENT_3D('',#3028,#3029,#3030);
#3028 = CARTESIAN_POINT('',(39.35,3.75,0.8));
#3029 = DIRECTION('',(0.707106781187,0.,-0.707106781187));
#3030 = DIRECTION('',(0.,1.,0.));
#3031 = ADVANCED_FACE('',(#3032),#3055,.T.);
#3032 = FACE_BOUND('',#3033,.T.);
#3033 = EDGE_LOOP('',(#3034,#3044,#3049,#3050));
#3034 = ORIENTED_EDGE('',*,*,#3035,.T.);
#3035 = EDGE_CURVE('',#3036,#3038,#3040,.T.);
#3036 = VERTEX_POINT('',#3037);
#3037 = CARTESIAN_POINT('',(38.55,45.75,0.));
#3038 = VERTEX_POINT('',#3039);
#3039 = CARTESIAN_POINT('',(38.55,79.75,0.));
#3040 = LINE('',#3041,#3042);
#3041 = CARTESIAN_POINT('',(38.55,45.75,0.));
#3042 = VECTOR('',#3043,1.);
#3043 = DIRECTION('',(0.,1.,0.));
#3044 = ORIENTED_EDGE('',*,*,#3045,.T.);
#3045 = EDGE_CURVE('',#3038,#2474,#3046,.T.);
#3046 = B_SPLINE_CURVE_WITH_KNOTS('',1,(#3047,#3048),.UNSPECIFIED.,.F.,
  .F.,(2,2),(0.,1.),.PIECEWISE_BEZIER_KNOTS.);
#3047 = CARTESIAN_POINT('',(38.55,79.75,0.));
#3048 = CARTESIAN_POINT('',(39.35,79.75,0.8));
#3049 = ORIENTED_EDGE('',*,*,#2471,.F.);
#3050 = ORIENTED_EDGE('',*,*,#3051,.F.);
#3051 = EDGE_CURVE('',#3036,#2472,#3052,.T.);
#3052 = B_SPLINE_CURVE_WITH_KNOTS('',1,(#3053,#3054),.UNSPECIFIED.,.F.,
  .F.,(2,2),(0.,1.),.PIECEWISE_BEZIER_KNOTS.);
#3053 = CARTESIAN_POINT('',(38.55,45.75,0.));
#3054 = CARTESIAN_POINT('',(39.35,45.75,0.8));
#3055 = PLANE('',#3056);
#3056 = AXIS2_PLACEMENT_3D('',#3057,#3058,#3059);
#3057 = CARTESIAN_POINT('',(39.35,45.75,0.8));
#3058 = DIRECTION('',(0.707106781187,0.,-0.707106781187));
#3059 = DIRECTION('',(0.,1.,0.));
#3060 = ADVANCED_FACE('',(#3061),#3078,.T.);
#3061 = FACE_BOUND('',#3062,.T.);
#3062 = EDGE_LOOP('',(#3063,#3071,#3072,#3073));
#3063 = ORIENTED_EDGE('',*,*,#3064,.T.);
#3064 = EDGE_CURVE('',#3065,#2983,#3067,.T.);
#3065 = VERTEX_POINT('',#3066);
#3066 = CARTESIAN_POINT('',(38.55,87.75,0.));
#3067 = LINE('',#3068,#3069);
#3068 = CARTESIAN_POINT('',(38.55,87.75,0.));
#3069 = VECTOR('',#3070,1.);
#3070 = DIRECTION('',(0.,1.,0.));
#3071 = ORIENTED_EDGE('',*,*,#2993,.T.);
#3072 = ORIENTED_EDGE('',*,*,#2500,.F.);
#3073 = ORIENTED_EDGE('',*,*,#3074,.F.);
#3074 = EDGE_CURVE('',#3065,#2501,#3075,.T.);
#3075 = B_SPLINE_CURVE_WITH_KNOTS('',1,(#3076,#3077),.UNSPECIFIED.,.F.,
  .F.,(2,2),(0.,1.),.PIECEWISE_BEZIER_KNOTS.);
#3076 = CARTESIAN_POINT('',(38.55,87.75,0.));
#3077 = CARTESIAN_POINT('',(39.35,87.75,0.8));
#3078 = PLANE('',#3079);
#3079 = AXIS2_PLACEMENT_3D('',#3080,#3081,#3082);
#3080 = CARTESIAN_POINT('',(39.35,87.75,0.8));
#3081 = DIRECTION('',(0.707106781187,0.,-0.707106781187));
#3082 = DIRECTION('',(0.,1.,0.));
#3083 = ADVANCED_FACE('',(#3084),#3096,.T.);
#3084 = FACE_BOUND('',#3085,.T.);
#3085 = EDGE_LOOP('',(#3086,#3093,#3094,#3095));
#3086 = ORIENTED_EDGE('',*,*,#3087,.T.);
#3087 = EDGE_CURVE('',#2544,#3007,#3088,.T.);
#3088 = CIRCLE('',#3089,0.8);
#3089 = AXIS2_PLACEMENT_3D('',#3090,#3091,#3092);
#3090 = CARTESIAN_POINT('',(37.75,3.75,0.));
#3091 = DIRECTION('',(-0.,0.,1.));
#3092 = DIRECTION('',(0.,-1.,0.));
#3093 = ORIENTED_EDGE('',*,*,#3022,.T.);
#3094 = ORIENTED_EDGE('',*,*,#2523,.F.);
#3095 = ORIENTED_EDGE('',*,*,#2551,.F.);
#3096 = CONICAL_SURFACE('',#3097,0.8,0.785398163397);
#3097 = AXIS2_PLACEMENT_3D('',#3098,#3099,#3100);
#3098 = CARTESIAN_POINT('',(37.75,3.75,0.));
#3099 = DIRECTION('',(0.,0.,1.));
#3100 = DIRECTION('',(0.,-1.,0.));
#3101 = ADVANCED_FACE('',(#3102),#3133,.F.);
#3102 = FACE_BOUND('',#3103,.F.);
#3103 = EDGE_LOOP('',(#3104,#3105,#3106,#3107,#3116,#3124,#3131,#3132));
#3104 = ORIENTED_EDGE('',*,*,#2541,.T.);
#3105 = ORIENTED_EDGE('',*,*,#3087,.T.);
#3106 = ORIENTED_EDGE('',*,*,#3006,.T.);
#3107 = ORIENTED_EDGE('',*,*,#3108,.T.);
#3108 = EDGE_CURVE('',#3009,#3109,#3111,.T.);
#3109 = VERTEX_POINT('',#3110);
#3110 = CARTESIAN_POINT('',(37.75,38.55,0.));
#3111 = CIRCLE('',#3112,0.8);
#3112 = AXIS2_PLACEMENT_3D('',#3113,#3114,#3115);
#3113 = CARTESIAN_POINT('',(37.75,37.75,0.));
#3114 = DIRECTION('',(0.,0.,1.));
#3115 = DIRECTION('',(1.,0.,0.));
#3116 = ORIENTED_EDGE('',*,*,#3117,.T.);
#3117 = EDGE_CURVE('',#3109,#3118,#3120,.T.);
#3118 = VERTEX_POINT('',#3119);
#3119 = CARTESIAN_POINT('',(3.75,38.55,0.));
#3120 = LINE('',#3121,#3122);
#3121 = CARTESIAN_POINT('',(37.75,38.55,0.));
#3122 = VECTOR('',#3123,1.);
#3123 = DIRECTION('',(-1.,0.,0.));
#3124 = ORIENTED_EDGE('',*,*,#3125,.T.);
#3125 = EDGE_CURVE('',#3118,#2889,#3126,.T.);
#3126 = CIRCLE('',#3127,0.8);
#3127 = AXIS2_PLACEMENT_3D('',#3128,#3129,#3130);
#3128 = CARTESIAN_POINT('',(3.75,37.75,0.));
#3129 = DIRECTION('',(0.,-0.,1.));
#3130 = DIRECTION('',(4.996003610813E-15,1.,0.));
#3131 = ORIENTED_EDGE('',*,*,#2888,.T.);
#3132 = ORIENTED_EDGE('',*,*,#2964,.T.);
#3133 = PLANE('',#3134);
#3134 = AXIS2_PLACEMENT_3D('',#3135,#3136,#3137);
#3135 = CARTESIAN_POINT('',(37.75,3.75,0.));
#3136 = DIRECTION('',(0.,0.,1.));
#3137 = DIRECTION('',(0.,-1.,0.));
#3138 = ADVANCED_FACE('',(#3139),#3170,.F.);
#3139 = FACE_BOUND('',#3140,.F.);
#3140 = EDGE_LOOP('',(#3141,#3151,#3158,#3159,#3160,#3161,#3162,#3163));
#3141 = ORIENTED_EDGE('',*,*,#3142,.T.);
#3142 = EDGE_CURVE('',#3143,#3145,#3147,.T.);
#3143 = VERTEX_POINT('',#3144);
#3144 = CARTESIAN_POINT('',(3.75,86.95,0.));
#3145 = VERTEX_POINT('',#3146);
#3146 = CARTESIAN_POINT('',(37.75,86.95,0.));
#3147 = LINE('',#3148,#3149);
#3148 = CARTESIAN_POINT('',(3.75,86.95,0.));
#3149 = VECTOR('',#3150,1.);
#3150 = DIRECTION('',(1.,0.,0.));
#3151 = ORIENTED_EDGE('',*,*,#3152,.T.);
#3152 = EDGE_CURVE('',#3145,#3065,#3153,.T.);
#3153 = CIRCLE('',#3154,0.8);
#3154 = AXIS2_PLACEMENT_3D('',#3155,#3156,#3157);
#3155 = CARTESIAN_POINT('',(37.75,87.75,0.));
#3156 = DIRECTION('',(0.,0.,1.));
#3157 = DIRECTION('',(-8.881784197001E-15,-1.,0.));
#3158 = ORIENTED_EDGE('',*,*,#3064,.T.);
#3159 = ORIENTED_EDGE('',*,*,#2982,.T.);
#3160 = ORIENTED_EDGE('',*,*,#2941,.T.);
#3161 = ORIENTED_EDGE('',*,*,#2917,.T.);
#3162 = ORIENTED_EDGE('',*,*,#2570,.T.);
#3163 = ORIENTED_EDGE('',*,*,#3164,.T.);
#3164 = EDGE_CURVE('',#2573,#3143,#3165,.T.);
#3165 = CIRCLE('',#3166,0.8);
#3166 = AXIS2_PLACEMENT_3D('',#3167,#3168,#3169);
#3167 = CARTESIAN_POINT('',(3.75,87.75,0.));
#3168 = DIRECTION('',(0.,0.,1.));
#3169 = DIRECTION('',(-1.,0.,0.));
#3170 = PLANE('',#3171);
#3171 = AXIS2_PLACEMENT_3D('',#3172,#3173,#3174);
#3172 = CARTESIAN_POINT('',(37.75,87.75,0.));
#3173 = DIRECTION('',(0.,0.,1.));
#3174 = DIRECTION('',(-8.881784197001E-15,-1.,0.));
#3175 = ADVANCED_FACE('',(#3176),#3186,.T.);
#3176 = FACE_BOUND('',#3177,.T.);
#3177 = EDGE_LOOP('',(#3178,#3179,#3184,#3185));
#3178 = ORIENTED_EDGE('',*,*,#3164,.T.);
#3179 = ORIENTED_EDGE('',*,*,#3180,.T.);
#3180 = EDGE_CURVE('',#3143,#2600,#3181,.T.);
#3181 = B_SPLINE_CURVE_WITH_KNOTS('',1,(#3182,#3183),.UNSPECIFIED.,.F.,
  .F.,(2,2),(0.,1.),.PIECEWISE_BEZIER_KNOTS.);
#3182 = CARTESIAN_POINT('',(3.75,86.95,0.));
#3183 = CARTESIAN_POINT('',(3.75,86.15,0.8));
#3184 = ORIENTED_EDGE('',*,*,#2599,.F.);
#3185 = ORIENTED_EDGE('',*,*,#2580,.F.);
#3186 = CONICAL_SURFACE('',#3187,0.8,0.785398163397);
#3187 = AXIS2_PLACEMENT_3D('',#3188,#3189,#3190);
#3188 = CARTESIAN_POINT('',(3.75,87.75,0.));
#3189 = DIRECTION('',(0.,0.,1.));
#3190 = DIRECTION('',(-1.,0.,0.));
#3191 = ADVANCED_FACE('',(#3192),#3202,.T.);
#3192 = FACE_BOUND('',#3193,.T.);
#3193 = EDGE_LOOP('',(#3194,#3195,#3200,#3201));
#3194 = ORIENTED_EDGE('',*,*,#3142,.T.);
#3195 = ORIENTED_EDGE('',*,*,#3196,.T.);
#3196 = EDGE_CURVE('',#3145,#2624,#3197,.T.);
#3197 = B_SPLINE_CURVE_WITH_KNOTS('',1,(#3198,#3199),.UNSPECIFIED.,.F.,
  .F.,(2,2),(0.,1.),.PIECEWISE_BEZIER_KNOTS.);
#3198 = CARTESIAN_POINT('',(37.75,86.95,0.));
#3199 = CARTESIAN_POINT('',(37.75,86.15,0.8));
#3200 = ORIENTED_EDGE('',*,*,#2623,.F.);
#3201 = ORIENTED_EDGE('',*,*,#3180,.F.);
#3202 = PLANE('',#3203);
#3203 = AXIS2_PLACEMENT_3D('',#3204,#3205,#3206);
#3204 = CARTESIAN_POINT('',(3.75,86.15,0.8));
#3205 = DIRECTION('',(0.,-0.707106781187,-0.707106781187));
#3206 = DIRECTION('',(1.,0.,0.));
#3207 = ADVANCED_FACE('',(#3208),#3214,.T.);
#3208 = FACE_BOUND('',#3209,.T.);
#3209 = EDGE_LOOP('',(#3210,#3211,#3212,#3213));
#3210 = ORIENTED_EDGE('',*,*,#3152,.T.);
#3211 = ORIENTED_EDGE('',*,*,#3074,.T.);
#3212 = ORIENTED_EDGE('',*,*,#2646,.F.);
#3213 = ORIENTED_EDGE('',*,*,#3196,.F.);
#3214 = CONICAL_SURFACE('',#3215,0.8,0.785398163397);
#3215 = AXIS2_PLACEMENT_3D('',#3216,#3217,#3218);
#3216 = CARTESIAN_POINT('',(37.75,87.75,0.));
#3217 = DIRECTION('',(0.,0.,1.));
#3218 = DIRECTION('',(-8.881784197001E-15,-1.,0.));
#3219 = ADVANCED_FACE('',(#3220),#3238,.T.);
#3220 = FACE_BOUND('',#3221,.T.);
#3221 = EDGE_LOOP('',(#3222,#3231,#3236,#3237));
#3222 = ORIENTED_EDGE('',*,*,#3223,.T.);
#3223 = EDGE_CURVE('',#3038,#3224,#3226,.T.);
#3224 = VERTEX_POINT('',#3225);
#3225 = CARTESIAN_POINT('',(37.75,80.55,0.));
#3226 = CIRCLE('',#3227,0.8);
#3227 = AXIS2_PLACEMENT_3D('',#3228,#3229,#3230);
#3228 = CARTESIAN_POINT('',(37.75,79.75,0.));
#3229 = DIRECTION('',(0.,0.,1.));
#3230 = DIRECTION('',(1.,0.,0.));
#3231 = ORIENTED_EDGE('',*,*,#3232,.T.);
#3232 = EDGE_CURVE('',#3224,#2665,#3233,.T.);
#3233 = B_SPLINE_CURVE_WITH_KNOTS('',1,(#3234,#3235),.UNSPECIFIED.,.F.,
  .F.,(2,2),(0.,1.),.PIECEWISE_BEZIER_KNOTS.);
#3234 = CARTESIAN_POINT('',(37.75,80.55,0.));
#3235 = CARTESIAN_POINT('',(37.75,81.35,0.8));
#3236 = ORIENTED_EDGE('',*,*,#2664,.F.);
#3237 = ORIENTED_EDGE('',*,*,#3045,.F.);
#3238 = CONICAL_SURFACE('',#3239,0.8,0.785398163397);
#3239 = AXIS2_PLACEMENT_3D('',#3240,#3241,#3242);
#3240 = CARTESIAN_POINT('',(37.75,79.75,0.));
#3241 = DIRECTION('',(0.,0.,1.));
#3242 = DIRECTION('',(1.,0.,0.));
#3243 = ADVANCED_FACE('',(#3244),#3261,.T.);
#3244 = FACE_BOUND('',#3245,.T.);
#3245 = EDGE_LOOP('',(#3246,#3254,#3259,#3260));
#3246 = ORIENTED_EDGE('',*,*,#3247,.T.);
#3247 = EDGE_CURVE('',#3224,#3248,#3250,.T.);
#3248 = VERTEX_POINT('',#3249);
#3249 = CARTESIAN_POINT('',(3.75,80.55,0.));
#3250 = LINE('',#3251,#3252);
#3251 = CARTESIAN_POINT('',(37.75,80.55,0.));
#3252 = VECTOR('',#3253,1.);
#3253 = DIRECTION('',(-1.,0.,0.));
#3254 = ORIENTED_EDGE('',*,*,#3255,.T.);
#3255 = EDGE_CURVE('',#3248,#2689,#3256,.T.);
#3256 = B_SPLINE_CURVE_WITH_KNOTS('',1,(#3257,#3258),.UNSPECIFIED.,.F.,
  .F.,(2,2),(0.,1.),.PIECEWISE_BEZIER_KNOTS.);
#3257 = CARTESIAN_POINT('',(3.75,80.55,0.));
#3258 = CARTESIAN_POINT('',(3.75,81.35,0.8));
#3259 = ORIENTED_EDGE('',*,*,#2688,.F.);
#3260 = ORIENTED_EDGE('',*,*,#3232,.F.);
#3261 = PLANE('',#3262);
#3262 = AXIS2_PLACEMENT_3D('',#3263,#3264,#3265);
#3263 = CARTESIAN_POINT('',(37.75,81.35,0.8));
#3264 = DIRECTION('',(0.,0.707106781187,-0.707106781187));
#3265 = DIRECTION('',(-1.,0.,0.));
#3266 = ADVANCED_FACE('',(#3267),#3279,.T.);
#3267 = FACE_BOUND('',#3268,.T.);
#3268 = EDGE_LOOP('',(#3269,#3276,#3277,#3278));
#3269 = ORIENTED_EDGE('',*,*,#3270,.T.);
#3270 = EDGE_CURVE('',#3248,#2730,#3271,.T.);
#3271 = CIRCLE('',#3272,0.8);
#3272 = AXIS2_PLACEMENT_3D('',#3273,#3274,#3275);
#3273 = CARTESIAN_POINT('',(3.75,79.75,0.));
#3274 = DIRECTION('',(0.,-0.,1.));
#3275 = DIRECTION('',(5.551115123126E-16,1.,0.));
#3276 = ORIENTED_EDGE('',*,*,#2745,.T.);
#3277 = ORIENTED_EDGE('',*,*,#2711,.F.);
#3278 = ORIENTED_EDGE('',*,*,#3255,.F.);
#3279 = CONICAL_SURFACE('',#3280,0.8,0.785398163397);
#3280 = AXIS2_PLACEMENT_3D('',#3281,#3282,#3283);
#3281 = CARTESIAN_POINT('',(3.75,79.75,0.));
#3282 = DIRECTION('',(0.,0.,1.));
#3283 = DIRECTION('',(5.551115123126E-16,1.,0.));
#3284 = ADVANCED_FACE('',(#3285),#3316,.F.);
#3285 = FACE_BOUND('',#3286,.F.);
#3286 = EDGE_LOOP('',(#3287,#3297,#3304,#3305,#3306,#3307,#3308,#3309));
#3287 = ORIENTED_EDGE('',*,*,#3288,.T.);
#3288 = EDGE_CURVE('',#3289,#3291,#3293,.T.);
#3289 = VERTEX_POINT('',#3290);
#3290 = CARTESIAN_POINT('',(3.75,44.95,0.));
#3291 = VERTEX_POINT('',#3292);
#3292 = CARTESIAN_POINT('',(37.75,44.95,0.));
#3293 = LINE('',#3294,#3295);
#3294 = CARTESIAN_POINT('',(3.75,44.95,0.));
#3295 = VECTOR('',#3296,1.);
#3296 = DIRECTION('',(1.,0.,0.));
#3297 = ORIENTED_EDGE('',*,*,#3298,.T.);
#3298 = EDGE_CURVE('',#3291,#3036,#3299,.T.);
#3299 = CIRCLE('',#3300,0.8);
#3300 = AXIS2_PLACEMENT_3D('',#3301,#3302,#3303);
#3301 = CARTESIAN_POINT('',(37.75,45.75,0.));
#3302 = DIRECTION('',(-0.,0.,1.));
#3303 = DIRECTION('',(0.,-1.,0.));
#3304 = ORIENTED_EDGE('',*,*,#3035,.T.);
#3305 = ORIENTED_EDGE('',*,*,#3223,.T.);
#3306 = ORIENTED_EDGE('',*,*,#3247,.T.);
#3307 = ORIENTED_EDGE('',*,*,#3270,.T.);
#3308 = ORIENTED_EDGE('',*,*,#2729,.T.);
#3309 = ORIENTED_EDGE('',*,*,#3310,.T.);
#3310 = EDGE_CURVE('',#2732,#3289,#3311,.T.);
#3311 = CIRCLE('',#3312,0.8);
#3312 = AXIS2_PLACEMENT_3D('',#3313,#3314,#3315);
#3313 = CARTESIAN_POINT('',(3.75,45.75,0.));
#3314 = DIRECTION('',(0.,0.,1.));
#3315 = DIRECTION('',(-1.,0.,0.));
#3316 = PLANE('',#3317);
#3317 = AXIS2_PLACEMENT_3D('',#3318,#3319,#3320);
#3318 = CARTESIAN_POINT('',(37.75,45.75,0.));
#3319 = DIRECTION('',(0.,0.,1.));
#3320 = DIRECTION('',(0.,-1.,0.));
#3321 = ADVANCED_FACE('',(#3322),#3332,.T.);
#3322 = FACE_BOUND('',#3323,.T.);
#3323 = EDGE_LOOP('',(#3324,#3325,#3330,#3331));
#3324 = ORIENTED_EDGE('',*,*,#3310,.T.);
#3325 = ORIENTED_EDGE('',*,*,#3326,.T.);
#3326 = EDGE_CURVE('',#3289,#2759,#3327,.T.);
#3327 = B_SPLINE_CURVE_WITH_KNOTS('',1,(#3328,#3329),.UNSPECIFIED.,.F.,
  .F.,(2,2),(0.,1.),.PIECEWISE_BEZIER_KNOTS.);
#3328 = CARTESIAN_POINT('',(3.75,44.95,0.));
#3329 = CARTESIAN_POINT('',(3.75,44.15,0.8));
#3330 = ORIENTED_EDGE('',*,*,#2758,.F.);
#3331 = ORIENTED_EDGE('',*,*,#2739,.F.);
#3332 = CONICAL_SURFACE('',#3333,0.8,0.785398163397);
#3333 = AXIS2_PLACEMENT_3D('',#3334,#3335,#3336);
#3334 = CARTESIAN_POINT('',(3.75,45.75,0.));
#3335 = DIRECTION('',(0.,0.,1.));
#3336 = DIRECTION('',(-1.,0.,0.));
#3337 = ADVANCED_FACE('',(#3338),#3348,.T.);
#3338 = FACE_BOUND('',#3339,.T.);
#3339 = EDGE_LOOP('',(#3340,#3341,#3346,#3347));
#3340 = ORIENTED_EDGE('',*,*,#3288,.T.);
#3341 = ORIENTED_EDGE('',*,*,#3342,.T.);
#3342 = EDGE_CURVE('',#3291,#2783,#3343,.T.);
#3343 = B_SPLINE_CURVE_WITH_KNOTS('',1,(#3344,#3345),.UNSPECIFIED.,.F.,
  .F.,(2,2),(0.,1.),.PIECEWISE_BEZIER_KNOTS.);
#3344 = CARTESIAN_POINT('',(37.75,44.95,0.));
#3345 = CARTESIAN_POINT('',(37.75,44.15,0.8));
#3346 = ORIENTED_EDGE('',*,*,#2782,.F.);
#3347 = ORIENTED_EDGE('',*,*,#3326,.F.);
#3348 = PLANE('',#3349);
#3349 = AXIS2_PLACEMENT_3D('',#3350,#3351,#3352);
#3350 = CARTESIAN_POINT('',(3.75,44.15,0.8));
#3351 = DIRECTION('',(0.,-0.707106781187,-0.707106781187));
#3352 = DIRECTION('',(1.,0.,0.));
#3353 = ADVANCED_FACE('',(#3354),#3360,.T.);
#3354 = FACE_BOUND('',#3355,.T.);
#3355 = EDGE_LOOP('',(#3356,#3357,#3358,#3359));
#3356 = ORIENTED_EDGE('',*,*,#3298,.T.);
#3357 = ORIENTED_EDGE('',*,*,#3051,.T.);
#3358 = ORIENTED_EDGE('',*,*,#2805,.F.);
#3359 = ORIENTED_EDGE('',*,*,#3342,.F.);
#3360 = CONICAL_SURFACE('',#3361,0.8,0.785398163397);
#3361 = AXIS2_PLACEMENT_3D('',#3362,#3363,#3364);
#3362 = CARTESIAN_POINT('',(37.75,45.75,0.));
#3363 = DIRECTION('',(0.,0.,1.));
#3364 = DIRECTION('',(0.,-1.,0.));
#3365 = ADVANCED_FACE('',(#3366),#3376,.T.);
#3366 = FACE_BOUND('',#3367,.T.);
#3367 = EDGE_LOOP('',(#3368,#3369,#3374,#3375));
#3368 = ORIENTED_EDGE('',*,*,#3108,.T.);
#3369 = ORIENTED_EDGE('',*,*,#3370,.T.);
#3370 = EDGE_CURVE('',#3109,#2824,#3371,.T.);
#3371 = B_SPLINE_CURVE_WITH_KNOTS('',1,(#3372,#3373),.UNSPECIFIED.,.F.,
  .F.,(2,2),(0.,1.),.PIECEWISE_BEZIER_KNOTS.);
#3372 = CARTESIAN_POINT('',(37.75,38.55,0.));
#3373 = CARTESIAN_POINT('',(37.75,39.35,0.8));
#3374 = ORIENTED_EDGE('',*,*,#2823,.F.);
#3375 = ORIENTED_EDGE('',*,*,#3016,.F.);
#3376 = CONICAL_SURFACE('',#3377,0.8,0.785398163397);
#3377 = AXIS2_PLACEMENT_3D('',#3378,#3379,#3380);
#3378 = CARTESIAN_POINT('',(37.75,37.75,0.));
#3379 = DIRECTION('',(0.,0.,1.));
#3380 = DIRECTION('',(1.,0.,0.));
#3381 = ADVANCED_FACE('',(#3382),#3392,.T.);
#3382 = FACE_BOUND('',#3383,.T.);
#3383 = EDGE_LOOP('',(#3384,#3385,#3390,#3391));
#3384 = ORIENTED_EDGE('',*,*,#3117,.T.);
#3385 = ORIENTED_EDGE('',*,*,#3386,.T.);
#3386 = EDGE_CURVE('',#3118,#2848,#3387,.T.);
#3387 = B_SPLINE_CURVE_WITH_KNOTS('',1,(#3388,#3389),.UNSPECIFIED.,.F.,
  .F.,(2,2),(0.,1.),.PIECEWISE_BEZIER_KNOTS.);
#3388 = CARTESIAN_POINT('',(3.75,38.55,0.));
#3389 = CARTESIAN_POINT('',(3.75,39.35,0.8));
#3390 = ORIENTED_EDGE('',*,*,#2847,.F.);
#3391 = ORIENTED_EDGE('',*,*,#3370,.F.);
#3392 = PLANE('',#3393);
#3393 = AXIS2_PLACEMENT_3D('',#3394,#3395,#3396);
#3394 = CARTESIAN_POINT('',(37.75,39.35,0.8));
#3395 = DIRECTION('',(0.,0.707106781187,-0.707106781187));
#3396 = DIRECTION('',(-1.,0.,0.));
#3397 = ADVANCED_FACE('',(#3398),#3404,.T.);
#3398 = FACE_BOUND('',#3399,.T.);
#3399 = EDGE_LOOP('',(#3400,#3401,#3402,#3403));
#3400 = ORIENTED_EDGE('',*,*,#3125,.T.);
#3401 = ORIENTED_EDGE('',*,*,#2904,.T.);
#3402 = ORIENTED_EDGE('',*,*,#2870,.F.);
#3403 = ORIENTED_EDGE('',*,*,#3386,.F.);
#3404 = CONICAL_SURFACE('',#3405,0.8,0.785398163397);
#3405 = AXIS2_PLACEMENT_3D('',#3406,#3407,#3408);
#3406 = CARTESIAN_POINT('',(3.75,37.75,0.));
#3407 = DIRECTION('',(0.,0.,1.));
#3408 = DIRECTION('',(4.996003610813E-15,1.,0.));
#3409 = ( GEOMETRIC_REPRESENTATION_CONTEXT(3) 
GLOBAL_UNCERTAINTY_ASSIGNED_CONTEXT((#3413)) 
GLOBAL_UNIT_ASSIGNED_CONTEXT((#3410,#3411,#3412)) REPRESENTATION_CONTEXT
('Context #1','3D Context with UNIT and UNCERTAINTY') );
#3410 = ( LENGTH_UNIT() NAMED_UNIT(*) SI_UNIT(.MILLI.,.METRE.) );
#3411 = ( NAMED_UNIT(*) PLANE_ANGLE_UNIT() SI_UNIT($,.RADIAN.) );
#3412 = ( NAMED_UNIT(*) SI_UNIT($,.STERADIAN.) SOLID_ANGLE_UNIT() );
#3413 = UNCERTAINTY_MEASURE_WITH_UNIT(LENGTH_MEASURE(1.E-07),#3410,
  'distance_accuracy_value','confusion accuracy');
#3414 = PRODUCT_RELATED_PRODUCT_CATEGORY('part',$,(#7));
ENDSEC;
END-ISO-10303-21;
